http://Thumbnails,0,,,,,,,
http://maps.indiana.edu/images/Demographics/Census_Blockgroups_2011.png,200,GET,,,,,,
http://maps.indiana.edu/images/Demographics/Census_Blockgroups.png,200,GET,,,,,,
http://maps.indiana.edu/images/Demographics/Census_Blocks_2011.png,200,GET,,,,,,
http://maps.indiana.edu/images/Demographics/Census_Counties.png,200,GET,,,,,,
http://maps.indiana.edu/images/Demographics/Census_Tracts_2011.png,200,GET,,,,,,
http://maps.indiana.edu/images/Demographics/Census_Tracts.png,200,GET,,,,,,
http://maps.indiana.edu/images/Demographics/Ethnicity_American_Indian.png,200,GET,,,,,,
http://maps.indiana.edu/images/Demographics/Ethnicity_Asian.png,200,GET,,,,,,
http://maps.indiana.edu/images/Demographics/Ethnicity_Black.png,200,GET,,,,,,
http://maps.indiana.edu/images/Demographics/Ethnicity_Hispanic.png,200,GET,,,,,,
http://maps.indiana.edu/images/Demographics/Ethnicity_White.png,200,GET,,,,,,
http://maps.indiana.edu/images/Demographics/Population_Census_Data_Historical.png,200,GET,,,,,,
http://maps.indiana.edu/images/Demographics/Population_Change_1890_2000.png,404,GET,,,,,,
http://maps.indiana.edu/images/Demographics/Population_Children_Poverty_2011.png,200,GET,,,,,,
http://maps.indiana.edu/images/Demographics/Population_Children_Poverty_2012.png,404,GET,,,,,,
http://maps.indiana.edu/images/Demographics/Population_Children_Poverty_2013.png,404,GET,,,,,,
http://maps.indiana.edu/images/Demographics/Population_Children_Poverty.png,200,GET,,,,,,
http://maps.indiana.edu/images/Demographics/Population_Density_Blockgroups.png,200,GET,,,,,,
http://maps.indiana.edu/images/Demographics/Population_Family_Size.png,200,GET,,,,,,
http://maps.indiana.edu/images/Environment/Agribusiness_Confined_Feeding_Operations.png,200,GET,,,,,,
http://maps.indiana.edu/images/Environment/Agriculture_Census.png,200,GET,,,,,,
http://maps.indiana.edu/images/Environment/Agriculture_Cultivated_Areas.png,200,GET,,,,,,
http://maps.indiana.edu/images/Environment/Ecology_Ecoregions.png,200,GET,,,,,,
http://maps.indiana.edu/images/Environment/Ecology_Trees_Big.png,200,GET,,,,,,
http://maps.indiana.edu/images/Environment/Land_Cover_1992.png,200,GET,,,,,,
http://maps.indiana.edu/images/Environment/Land_Cover_2001.png,200,GET,,,,,,
http://maps.indiana.edu/images/Environment/Land_Cover_Impervious_Surfaces_2001.png,200,GET,,,,,,
http://maps.indiana.edu/images/Environment/Land_Cover_Tree_Canopy_2001.png,200,GET,,,,,,
http://maps.indiana.edu/images/Environment/Managed_Lands_Hoosier_National_Forest_Mgt_Areas.png,200,GET,,,,,,
http://maps.indiana.edu/images/Environment/Managed_Lands_Hoosier_National_Forest_Ownership.png,200,GET,,,,,,
http://maps.indiana.edu/images/Environment/Managed_Lands_Patoka_River_NWR.png,200,GET,,,,,,
http://maps.indiana.edu/images/Environment/Monitoring_Air_Quality_NTAD.png,200,GET,,,,,,
http://maps.indiana.edu/images/Environment/Monitoring_Bacteria_EPA.png,200,GET,,,,,,
http://maps.indiana.edu/images/Environment/Remediation_Brownfields.png,200,GET,,,,,,
http://maps.indiana.edu/images/Environment/Remediation_Cleanup_Sites.png,200,GET,,,,,,
http://maps.indiana.edu/images/Environment/Remediation_Institutional_Control_Sites.png,200,GET,,,,,,
http://maps.indiana.edu/images/Environment/Remediation_Manufactured_Gas_Plants.png,200,GET,,,,,,
http://maps.indiana.edu/images/Environment/Remediation_Superfund_Sites.png,200,GET,,,,,,
http://maps.indiana.edu/images/Environment/Remediation_Voluntary_Remediation_Program.png,200,GET,,,,,,
http://maps.indiana.edu/images/Environment/Soils_SSURGO_Soil_Survey.png,200,GET,,,,,,
http://maps.indiana.edu/images/Environment/Soils_STATSGO_Shrink_Swell_Characteristics.png,200,GET,,,,,,
http://maps.indiana.edu/images/Environment/Storage_Tanks_Underground.png,200,GET,,,,,,
http://maps.indiana.edu/images/Environment/Waste_Composting_Facilities.png,200,GET,,,,,,
http://maps.indiana.edu/images/Environment/Waste_Disposal_Storage_Handling.png,200,GET,,,,,,
http://maps.indiana.edu/images/Environment/Waste_Industrial_Sites.png,200,GET,,,,,,
http://maps.indiana.edu/images/Environment/Waste_Landfill_Boundaries.png,200,GET,,,,,,
http://maps.indiana.edu/images/Environment/Waste_Septage_Sites.png,200,GET,,,,,,
http://maps.indiana.edu/images/Environment/Waste_Tire_Sites.png,200,GET,,,,,,
http://maps.indiana.edu/images/Environment/Waste_Treatment_Storage_Disposal_Sites.png,200,GET,,,,,,
http://maps.indiana.edu/images/Environment/Waste_Water_NPDES_Facilities.png,200,GET,,,,,,
http://maps.indiana.edu/images/Environment/Waste_Water_NPDES_Pipe_Locations.png,200,GET,,,,,,
http://maps.indiana.edu/images/Environment/Wind_Power_100m.png,200,GET,,,,,,
http://maps.indiana.edu/images/Environment/Wind_Power_50m.png,200,GET,,,,,,
http://maps.indiana.edu/images/Environment/Wind_Speed_100m.png,200,GET,,,,,,
http://maps.indiana.edu/images/Environment/Wind_Speed_50m.png,200,GET,,,,,,
http://maps.indiana.edu/images/Geology/Bedrock_Geology_RGM_250K.png,200,GET,,,,,,
http://maps.indiana.edu/images/Geology/Bedrock_Geology.png,200,GET,,,,,,
http://maps.indiana.edu/images/Geology/Bedrock_Structural_Features.png,200,GET,,,,,,
http://maps.indiana.edu/images/Geology/Coal_Mines_Entries.png,200,GET,,,,,,
http://maps.indiana.edu/images/Geology/Coal_Mines_Surface.png,200,GET,,,,,,
http://maps.indiana.edu/images/Geology/Coal_Mines_Underground.png,200,GET,,,,,,
http://maps.indiana.edu/images/Geology/Glacial_PreWisconsin_Glacial_Limit.png,200,GET,,,,,,
http://maps.indiana.edu/images/Geology/Glacial_Wisconsin_Glacial_Limit.png,200,GET,,,,,,
http://maps.indiana.edu/images/Geology/Industrial_Minerals_Quarries_Abandoned.png,200,GET,,,,,,
http://maps.indiana.edu/images/Geology/Industrial_Minerals_Sand_Gravel_Pits_Abandoned.png,200,GET,,,,,,
http://maps.indiana.edu/images/Geology/Industrial_Minerals_Sand_Gravel_Resources.png,200,GET,,,,,,
http://maps.indiana.edu/images/Geology/Petroleum_Fields.png,200,GET,,,,,,
http://maps.indiana.edu/images/Geology/Petroleum_Wells.png,200,GET,,,,,,
http://maps.indiana.edu/images/Geology/Physiography_National_Natural_Landmarks.png,200,GET,,,,,,
http://maps.indiana.edu/images/Geology/Physiography_Natural_Features.png,200,GET,,,,,,
http://maps.indiana.edu/images/Geology/Physiography_Natural_Regions.png,200,GET,,,,,,
http://maps.indiana.edu/images/Geology/Physiography_Regions.png,200,GET,,,,,,
http://maps.indiana.edu/images/Geology/Seismic_Data.png,200,GET,,,,,,
http://maps.indiana.edu/images/Geology/Seismic_Earthquake_Epicenters.png,200,GET,,,,,,
http://maps.indiana.edu/images/Geology/Seismic_Earthquake_Liquefaction_Potential.png,200,GET,,,,,,
http://maps.indiana.edu/images/Geology/Seismic_Earthquake_Liquefaction.png,200,GET,,,,,,
http://maps.indiana.edu/images/Geology/Seismic_Shaking_Materials_Response.png,200,GET,,,,,,
http://maps.indiana.edu/images/Geology/Silurian_Reefs_Points.png,200,GET,,,,,,
http://maps.indiana.edu/images/Geology/Silurian_Reefs_Polygons.png,200,GET,,,,,,
http://maps.indiana.edu/images/Geology/Surficial_Gamma_Ray_Logs.png,200,GET,,,,,,
http://maps.indiana.edu/images/Government/Boundaries_Miscellaneous_IDHS.png,200,GET,,,,,,
http://maps.indiana.edu/images/Government/Local_Boundaries_Minor_Civil_Divisions.png,200,GET,,,,,,
http://maps.indiana.edu/images/Government/Voting_Districts_2010_USCB.png,200,GET,,,,,,
http://maps.indiana.edu/images/Hydrology/Aquifer_Recharge_Near_Surface.png,404,GET,,,,,,
http://maps.indiana.edu/images/Hydrology/Aquifer_Sensitivity_Near_Surface.png,404,GET,,,,,,
http://maps.indiana.edu/images/Hydrology/Aquifer_Systems_Bedrock_IDNR.png,200,GET,,,,,,
http://maps.indiana.edu/images/Hydrology/Aquifer_Systems_Unconsolidated_IDNR.png,200,GET,,,,,,
http://maps.indiana.edu/images/Hydrology/Aquifers_Bedrock.png,200,GET,,,,,,
http://maps.indiana.edu/images/Hydrology/Aquifers_Unconsolidated.png,200,GET,,,,,,
http://maps.indiana.edu/images/Hydrology/Canals_Historic_Routes.png,200,GET,,,,,,
http://maps.indiana.edu/images/Hydrology/Canals_Historic_Structures.png,200,GET,,,,,,
http://maps.indiana.edu/images/Hydrology/Hydrologic_Terrains.png,200,GET,,,,,,
http://maps.indiana.edu/images/Hydrology/Karst_Cave_Density.png,200,GET,,,,,,
http://maps.indiana.edu/images/Hydrology/Karst_Dye_Lines.png,200,GET,,,,,,
http://maps.indiana.edu/images/Hydrology/Karst_Dye_Points.png,200,GET,,,,,,
http://maps.indiana.edu/images/Hydrology/Karst_Sinkhole_Areas.png,200,GET,,,,,,
http://maps.indiana.edu/images/Hydrology/Karst_Sinkhole_Density_2011.png,200,GET,,,,,,
http://maps.indiana.edu/images/Hydrology/Karst_Sinkhole_Inventory_2011.png,200,GET,,,,,,
http://maps.indiana.edu/images/Hydrology/Karst_Springs.png,200,GET,,,,,,
http://maps.indiana.edu/images/Hydrology/Monitoring_Weather_Stations.png,200,GET,,,,,,
http://maps.indiana.edu/images/Hydrology/Water_Bodies_Lake_Shore_Features.png,200,GET,,,,,,
http://maps.indiana.edu/images/Hydrology/Water_Bodies_Lakes_Bathymetry.png,200,GET,,,,,,
http://maps.indiana.edu/images/Hydrology/Water_Bodies_Rivers_Inventory.png,200,GET,,,,,,
http://maps.indiana.edu/images/Hydrology/Water_Bodies_Rivers_Outstanding.png,200,GET,,,,,,
http://maps.indiana.edu/images/Hydrology/Water_Bodies_Streams_Features.png,200,GET,,,,,,
http://maps.indiana.edu/images/Hydrology/Water_Quality_Lakes_Impaired.png,200,GET,,,,,,
http://maps.indiana.edu/images/Hydrology/Water_Quality_Observations.png,200,GET,,,,,,
http://maps.indiana.edu/images/Hydrology/Water_Quality_Sediment_Inventory.png,200,GET,,,,,,
http://maps.indiana.edu/images/Hydrology/Water_Quality_Statistics.png,200,GET,,,,,,
http://maps.indiana.edu/images/Hydrology/Water_Quality_Streams_Impaired.png,200,GET,,,,,,
http://maps.indiana.edu/images/Hydrology/Water_Wells_IDNR.png,200,GET,,,,,,
http://maps.indiana.edu/images/Hydrology/Water_Wells_iLITH.png,200,GET,,,,,,
http://maps.indiana.edu/images/Hydrology/Water_Wells_Observation_Wells.png,200,GET,,,,,,
http://maps.indiana.edu/images/Hydrology/Watersheds_HUC06.png,200,GET,,,,,,
http://maps.indiana.edu/images/Hydrology/Watersheds_HUC08_2009.png,200,GET,,,,,,
http://maps.indiana.edu/images/Hydrology/Watersheds_HUC10_2009.png,200,GET,,,,,,
http://maps.indiana.edu/images/Hydrology/Watersheds_HUC11.png,200,GET,,,,,,
http://maps.indiana.edu/images/Hydrology/Watersheds_HUC12_2009.png,200,GET,,,,,,
http://maps.indiana.edu/images/Hydrology/Watersheds_HUC14.png,200,GET,,,,,,
http://maps.indiana.edu/images/Hydrology/Wetlands_Historic_NWI.png,200,GET,,,,,,
http://maps.indiana.edu/images/Hydrology/Wetlands_NWI.png,200,GET,,,,,,
http://maps.indiana.edu/images/Infrastructure/Airports_Public_Use_INDOT.png,200,GET,,,,,,
http://maps.indiana.edu/images/Infrastructure/Airports_Public_Use_NTAD.png,200,GET,,,,,,
http://maps.indiana.edu/images/Infrastructure/Bridges_County_INDOT.png,200,GET,,,,,,
http://maps.indiana.edu/images/Infrastructure/Bridges_System1_INDOT.png,200,GET,,,,,,
http://maps.indiana.edu/images/Infrastructure/Communications_Cellular_Towers_FCC.png,200,GET,,,,,,
http://maps.indiana.edu/images/Infrastructure/Critical_Facilities_HAZUS_Emergency.png,200,GET,,,,,,
http://maps.indiana.edu/images/Infrastructure/Critical_Facilities_HAZUS_Hospitals_Clinics.png,200,GET,,,,,,
http://maps.indiana.edu/images/Infrastructure/Critical_Facilities_IDHS_Emergency_Medical_Services.png,200,GET,,,,,,
http://maps.indiana.edu/images/Infrastructure/Critical_Facilities_IDHS_Fire_Stations.png,200,GET,,,,,,
http://maps.indiana.edu/images/Infrastructure/Critical_Facilities_IDHS_Hospitals.png,200,GET,,,,,,
http://maps.indiana.edu/images/Infrastructure/Critical_Facilities_ISDH_Hospitals_Rural_Health_Clinics.png,200,GET,,,,,,
http://maps.indiana.edu/images/Infrastructure/Critical_Facilities_ISDH_Long_Term_Care.png,200,GET,,,,,,
http://maps.indiana.edu/images/Infrastructure/Critical_Facilities_MHMP_Fire_Stations.png,200,GET,,,,,,
http://maps.indiana.edu/images/Infrastructure/Critical_Facilities_MHMP_Medical_Care.png,200,GET,,,,,,
http://maps.indiana.edu/images/Infrastructure/Critical_Facilities_MHMP_Police_Stations.png,200,GET,,,,,,
http://maps.indiana.edu/images/Infrastructure/Critical_Facilities_MHMP_Schools.png,200,GET,,,,,,
http://maps.indiana.edu/images/Infrastructure/Dams_EPA.png,200,GET,,,,,,
http://maps.indiana.edu/images/Infrastructure/Energy_Alternative_Fuel_Sites.png,200,GET,,,,,,
http://maps.indiana.edu/images/Infrastructure/Energy_Ethanol_Production_Facilities.png,200,GET,,,,,,
http://maps.indiana.edu/images/Infrastructure/Energy_HAZUS_Power_Facilities.png,200,GET,,,,,,
http://maps.indiana.edu/images/Infrastructure/Energy_Pipelines_Oil_Gas.png,200,GET,,,,,,
http://maps.indiana.edu/images/Infrastructure/Facilities_BMV_License_Branches.png,200,GET,,,,,,
http://maps.indiana.edu/images/Infrastructure/Facilities_Industrial_Parks_INDOT.png,200,GET,,,,,,
http://maps.indiana.edu/images/Infrastructure/Facilities_Libraries.png,200,GET,,,,,,
http://maps.indiana.edu/images/Infrastructure/Facilities_Museums.png,200,GET,,,,,,
http://maps.indiana.edu/images/Infrastructure/Facilities_Ports_NTAD.png,200,GET,,,,,,
http://maps.indiana.edu/images/Infrastructure/Facilities_Religous_Facilities.png,200,GET,,,,,,
http://maps.indiana.edu/images/Infrastructure/Railroads_100K_NTAD.png,200,GET,,,,,,
http://maps.indiana.edu/images/Infrastructure/Railroads_Active_Abandoned_INDOT.png,200,GET,,,,,,
http://maps.indiana.edu/images/Infrastructure/Railroads_Active_INDOT.png,200,GET,,,,,,
http://maps.indiana.edu/images/Infrastructure/Railroads_Amtrak_Stations_NTAD.png,200,GET,,,,,,
http://maps.indiana.edu/images/Infrastructure/Railroads_Rail_Crossings_INDOT.png,200,GET,,,,,,
http://maps.indiana.edu/images/Infrastructure/Recreation_Facilities_IDNR.png,200,GET,,,,,,
http://maps.indiana.edu/images/Infrastructure/Schools_Districts_2013_USCB.png,200,GET,,,,,,
http://maps.indiana.edu/images/Infrastructure/Schools_Districts_USCB.png,200,GET,,,,,,
http://maps.indiana.edu/images/Infrastructure/Schools_HAZUS.png,200,GET,,,,,,
http://maps.indiana.edu/images/Infrastructure/Schools_Higher_Education_ICHE.png,200,GET,,,,,,
http://maps.indiana.edu/images/Infrastructure/Schools_IDOE.png,200,GET,,,,,,
http://maps.indiana.edu/images/Reference/Benchmarks_NOAA.png,200,GET,,,,,,
http://maps.indiana.edu/images/Reference/National_Grid_1000M.png,200,GET,,,,,,
http://maps.indiana.edu/images/Reference/Places_GNIS_USGS.png,200,GET,,,,,,
http://maps.indiana.edu/images/Reference/Places_Populated_Areas.png,200,GET,,,,,,
http://maps.indiana.edu/images/Reference/Places_Urban_Areas.png,200,GET,,,,,,
http://maps.indiana.edu/images/Reference/PLSS_CadNSDI_BLM.png,200,GET,,,,,,
http://maps.indiana.edu/images/Reference/PLSS_Counties.png,200,GET,,,,,,
http://maps.indiana.edu/images/Reference/PLSS_Sections.png,200,GET,,,,,,
http://maps.indiana.edu/images/Reference/PLSS_State.png,200,GET,,,,,,
http://maps.indiana.edu/images/Reference/PLSS_Townships.png,200,GET,,,,,,
http://maps.indiana.edu/images/Reference/Quadrangle_Boundaries_100k.png,200,GET,,,,,,
http://maps.indiana.edu/images/Reference/Quadrangle_Boundaries_24k.png,200,GET,,,,,,
http://maps.indiana.edu/images/Reference/Quadrangle_Boundaries_250k.png,200,GET,,,,,,
http://maps.indiana.edu/images/Reference/Time_Zones.png,200,GET,,,,,,
http://maps.indiana.edu/images/Reference/Zip_Codes_USCB.png,200,GET,,,,,,
http://maps.indiana.edu/images/Environment/Crops_2013.png,200,GET,,,,,,
http://maps.indiana.edu/images/Environment/Crops_2012.png,200,GET,,,,,,
http://maps.indiana.edu/images/Environment/Crops_2011.png,200,GET,,,,,,
http://maps.indiana.edu/images/Environment/Crops_2010.png,200,GET,,,,,,
http://maps.indiana.edu/images/Environment/Crops_2009.png,200,GET,,,,,,
http://maps.indiana.edu/images/Environment/Crops_2008.png,200,GET,,,,,,
http://maps.indiana.edu/images/Environment/Crops_2006.png,200,GET,,,,,,
http://maps.indiana.edu/images/Environment/Crops_2003.png,200,GET,,,,,,
http://maps.indiana.edu/images/Environment/Crops_2002.png,200,GET,,,,,,
http://maps.indiana.edu/images/Environment/Crops_2001.png,200,GET,,,,,,
http://maps.indiana.edu/images/Environment/Land_Cover_2006.png,200,GET,,,,,,
http://maps.indiana.edu/images/Environment/Managed_Lands_IDNR.png,200,GET,,,,,,
http://maps.indiana.edu/images/Geology/Bedrock_Elevation.png,200,GET,,,,,,
http://maps.indiana.edu/images/Geology/Coal_Colchester_Elevation.png,200,GET,,,,,,
http://maps.indiana.edu/images/Geology/Coal_Danville_Depth.png,200,GET,,,,,,
http://maps.indiana.edu/images/Geology/Coal_Danville_Elevation.png,200,GET,,,,,,
http://maps.indiana.edu/images/Geology/Coal_Danville_Thickness.png,200,GET,,,,,,
http://maps.indiana.edu/images/Geology/Coal_Hymera_Elevation.png,404,GET,,,,,,
http://maps.indiana.edu/images/Geology/Coal_Hymera_Thickness.png,404,GET,,,,,,
http://maps.indiana.edu/images/Geology/Coal_Springfield_Depth.png,200,GET,,,,,,
http://maps.indiana.edu/images/Geology/Coal_Springfield_Elevation.png,200,GET,,,,,,
http://maps.indiana.edu/images/Geology/Coal_Springfield_Thickness.png,200,GET,,,,,,
http://maps.indiana.edu/images/Geology/Surficial_Unconsolidated_Thickness.png,200,GET,,,,,,
http://maps.indiana.edu/images/Government/Congress_114th_Districts.png,404,GET,,,,,,
http://maps.indiana.edu/images/Government/Congress_113th_Districts.png,200,GET,,,,,,
http://maps.indiana.edu/images/Government/Congress_111th_Districts.png,404,GET,,,,,,
http://maps.indiana.edu/images/Government/General_Assembly_119th_House.png,404,GET,,,,,,
http://maps.indiana.edu/images/Government/General_Assembly_119th_Senate.png,404,GET,,,,,,
http://maps.indiana.edu/images/Government/General_Assembly_118th_House.png,200,GET,,,,,,
http://maps.indiana.edu/images/Government/General_Assembly_118th_Senate.png,200,GET,,,,,,
http://maps.indiana.edu/images/Hydrology/Floodplains_FIRM.png,200,GET,,,,,,
http://maps.indiana.edu/images/Hydrology/Monitoring_Streamflow_Gauges.png,200,GET,,,,,,
http://maps.indiana.edu/images/Hydrology/Water_Bodies_Lakes_LocalRes.png,200,GET,,,,,,
http://maps.indiana.edu/images/Hydrology/Water_Bodies_Rivers_LocalRes.png,200,GET,,,,,,
http://maps.indiana.edu/images/Hydrology/Wetlands_Inventory_Lines.png,200,GET,,,,,,
http://maps.indiana.edu/images/Hydrology/Wetlands_Inventory_Points.png,200,GET,,,,,,
http://maps.indiana.edu/images/Hydrology/Wetlands_Inventory_Polygons.png,200,GET,,,,,,
http://maps.indiana.edu/images/Infrastructure/Dams_IDNR.png,200,GET,,,,,,
http://maps.indiana.edu/images/Infrastructure/Energy_Electric_Service_Territories.png,200,GET,,,,,,
http://maps.indiana.edu/images/Infrastructure/Facilities_Cemetery_Sites_IDNR.png,200,GET,,,,,,
http://maps.indiana.edu/images/Infrastructure/Interstates_Mile_Markers_System1_INDOT.png,200,GET,,,,,,
http://maps.indiana.edu/images/Infrastructure/Interstates_Roadways_INDOT.png,200,GET,,,,,,
http://maps.indiana.edu/images/Infrastructure/Interstates_Traffic_Counts_INDOT.png,200,GET,,,,,,
http://maps.indiana.edu/images/Infrastructure/Recreation_Trails_IDNR.png,200,GET,,,,,,
http://maps.indiana.edu/images/Infrastructure/Streets_Address_Points_IDHS.png,200,GET,,,,,,
http://maps.indiana.edu/images/Infrastructure/Streets_Centerlines_IDHS.png,200,GET,,,,,,
http://maps.indiana.edu/images/Infrastructure/Streets_Roads_INDOT_2015.png,200,GET,,,,,,
http://maps.indiana.edu/images/Reference/Land_Parcels_County_IDHS.png,200,GET,,,,,,
http://maps.indiana.edu/images/Demographics/Census_Blocks.png,200,GET,,,,,,
http://maps.indiana.edu/images/Demographics/Population_Age_Median.png,200,GET,,,,,,
http://maps.indiana.edu/images/Environment/Land_Cover_Presettlement_IDNR.png,200,GET,,,,,,
http://maps.indiana.edu/images/Environment/Soils_STATSGO_Prime_Farmland.png,200,GET,,,,,,
http://maps.indiana.edu/images/Environment/Soils_STATSGO_Soil_Associations.png,200,GET,,,,,,
http://maps.indiana.edu/images/Environment/Waste_Coal_Combustion_Impoundments_Inspected.png,200,GET,,,,,,
http://maps.indiana.edu/images/Geology/Bedrock_Surface_Contours.png,200,GET,,,,,,
http://maps.indiana.edu/images/Geology/Bedrock_Surface_DEM.png,200,GET,,,,,,
http://maps.indiana.edu/images/Geology/Coal_Data_NCRDS_2014.png,404,GET,,,,,,
http://maps.indiana.edu/images/Geology/Glacial_Quaternary_Geology.png,200,GET,,,,,,
http://maps.indiana.edu/images/Geology/Industrial_Minerals_Data.png,200,GET,,,,,,
http://maps.indiana.edu/images/Geology/Industrial_Minerals_Sites_2016.png,404,GET,,,,,,
http://maps.indiana.edu/images/Geology/Surficial_Clay_Thickness_Grid.png,200,GET,,,,,,
http://maps.indiana.edu/images/Geology/Surficial_Clay_Thickness_Points.png,200,GET,,,,,,
http://maps.indiana.edu/images/Geology/Surficial_Sand_Thickness_Grid.png,200,GET,,,,,,
http://maps.indiana.edu/images/Geology/Surficial_Sand_Thickness_Points.png,200,GET,,,,,,
http://maps.indiana.edu/images/Geology/Surficial_Unconsolidated_Thickness_Contours.png,200,GET,,,,,,
http://maps.indiana.edu/images/Geology/Surficial_Unconsolidated_Thickness_DEM.png,200,GET,,,,,,
http://maps.indiana.edu/images/Government/Congress_115th_Districts.png,404,GET,,,,,,
http://maps.indiana.edu/images/Government/General_Assembly_120th_House.png,404,GET,,,,,,
http://maps.indiana.edu/images/Government/General_Assembly_120th_Senate.png,404,GET,,,,,,
http://maps.indiana.edu/images/Hydrology/Watersheds_HUC08.png,200,GET,,,,,,
http://maps.indiana.edu/images/Infrastructure/Facilities_Cemeteries.png,200,GET,,,,,,
http://maps.indiana.edu/images/Infrastructure/Facilities_Intermodal_Terminals_NTAD.png,200,GET,,,,,,
http://maps.indiana.edu/images/Infrastructure/Facilities_Naloxone_Providers_ISDH.png,404,GET,,,,,,
http://maps.indiana.edu/images/Reference/Benchmarks_CORS_NOAA.png,200,GET,,,,,,
http://maps.indiana.edu/images/Reference/Elevation_Contours_24k_USGS.png,200,GET,,,,,,
http://maps.indiana.edu/images/Environment/Crops_2016.png,200,GET,,,,,,
http://maps.indiana.edu/images/Environment/Crops_2015.png,200,GET,,,,,,
http://maps.indiana.edu/images/Environment/Crops_2014.png,200,GET,,,,,,
http://maps.indiana.edu/images/Environment/Land_Cover_2011.png,404,GET,,,,,,
http://maps.indiana.edu/images/Environment/Land_Cover_Change_2001_2006.png,200,GET,,,,,,
http://maps.indiana.edu/images/Environment/Land_Cover_Impervious_Surfaces_2006.png,200,GET,,,,,,
http://maps.indiana.edu/images/Environment/Land_Cover_Impervious_Surfaces_2011.png,404,GET,,,,,,
http://maps.indiana.edu/images/Environment/Land_Cover_Impervious_Surfaces_Change_2001_2006.png,200,GET,,,,,,
http://maps.indiana.edu/images/Geology/Coal_Colchester_Depth.png,200,GET,,,,,,
http://maps.indiana.edu/images/Geology/Coal_Colchester_Thickness.png,200,GET,,,,,,
http://maps.indiana.edu/images/Geology/Coal_Colchester_Mined_Out_Areas.png,200,GET,,,,,,
http://maps.indiana.edu/images/Geology/Coal_Danville_Mines_Active.png,200,GET,,,,,,
http://maps.indiana.edu/images/Geology/Coal_Danville_Mined_Out_Areas.png,200,GET,,,,,,
http://maps.indiana.edu/images/Geology/Coal_Hymera_Depth.png,404,GET,,,,,,
http://maps.indiana.edu/images/Geology/Coal_Hymera_Mines_Active.png,200,GET,,,,,,
http://maps.indiana.edu/images/Geology/Coal_Hymera_Mined_Out_Areas.png,404,GET,,,,,,
http://maps.indiana.edu/images/Geology/Coal_Seelyville_Depth.png,200,GET,,,,,,
http://maps.indiana.edu/images/Geology/Coal_Seelyville_Elevation.png,200,GET,,,,,,
http://maps.indiana.edu/images/Geology/Coal_Seelyville_Thickness.png,200,GET,,,,,,
http://maps.indiana.edu/images/Geology/Coal_Seelyville_Mined_Out_Areas.png,200,GET,,,,,,
http://maps.indiana.edu/images/Geology/Coal_Springfield_Mines_Active.png,200,GET,,,,,,
http://maps.indiana.edu/images/Geology/Coal_Springfield_Mined_Out_Areas.png,200,GET,,,,,,
http://maps.indiana.edu/images/Hydrology/Monitoring_Indiana_Water_Balance_Network.png,404,GET,,,,,,
http://maps.indiana.edu/images/Hydrology/Water_Bodies_Flowlines_Classified_LocalRes.png,404,GET,,,,,,
http://maps.indiana.edu/images/Hydrology/Water_Bodies_Flowlines_Unclassified_LocalRes.png,404,GET,,,,,,
http://maps.indiana.edu/images/Hydrology/Water_Bodies_Streams_Miles.png,200,GET,,,,,,
http://maps.indiana.edu/images/Infrastructure/Bridges_Historic_IDNR.png,200,GET,,,,,,
http://maps.indiana.edu/images/Infrastructure/Facilities_Cemetery_Areas_IDNR.png,200,GET,,,,,,
http://maps.indiana.edu/images/Infrastructure/Facilities_Historic_Districts_IDNR.png,200,GET,,,,,,
http://maps.indiana.edu/images/Infrastructure/Facilities_Historic_Places_IDNR.png,200,GET,,,,,,
http://maps.indiana.edu/images/Infrastructure/Facilities_Historic_Structures_Sites_IDNR.png,200,GET,,,,,,
http://maps.indiana.edu/images/Infrastructure/Interstates_Interstates_INDOT.png,200,GET,,,,,,
