https://rucore.libraries.rutgers.edu/rutgers-lib/56803,,,,,,,
https://rucore.libraries.rutgers.edu/rutgers-lib/56825,,,,,,,
https://rucore.libraries.rutgers.edu/rutgers-lib/56652,,,,,,,
https://rucore.libraries.rutgers.edu/rutgers-lib/56890,,,,,,,
https://rucore.libraries.rutgers.edu/rutgers-lib/29182,,,,,,,
https://rucore.libraries.rutgers.edu/rutgers-lib/28610,,,,,,,
https://rucore.libraries.rutgers.edu/rutgers-lib/28612,,,,,,,
https://rucore.libraries.rutgers.edu/rutgers-lib/28613,,,,,,,
https://rucore.libraries.rutgers.edu/rutgers-lib/28614,,,,,,,
https://rucore.libraries.rutgers.edu/rutgers-lib/28615,,,,,,,
https://rucore.libraries.rutgers.edu/rutgers-lib/28616,,,,,,,
https://rucore.libraries.rutgers.edu/rutgers-lib/28618,,,,,,,
https://rucore.libraries.rutgers.edu/rutgers-lib/28619,,,,,,,
https://rucore.libraries.rutgers.edu/rutgers-lib/28625,,,,,,,
https://rucore.libraries.rutgers.edu/rutgers-lib/28631,,,,,,,
https://rucore.libraries.rutgers.edu/rutgers-lib/28633,,,,,,,
https://rucore.libraries.rutgers.edu/rutgers-lib/28640,,,,,,,
https://rucore.libraries.rutgers.edu/rutgers-lib/28606,,,,,,,
https://rucore.libraries.rutgers.edu/rutgers-lib/3619,,,,,,,
https://rucore.libraries.rutgers.edu/rutgers-lib/28877,,,,,,,
https://rucore.libraries.rutgers.edu/rutgers-lib/29064,,,,,,,
https://rucore.libraries.rutgers.edu/rutgers-lib/29183,,,,,,,
https://rucore.libraries.rutgers.edu/rutgers-lib/28653,,,,,,,
https://rucore.libraries.rutgers.edu/rutgers-lib/28617,,,,,,,
https://rucore.libraries.rutgers.edu/rutgers-lib/28620,,,,,,,
https://rucore.libraries.rutgers.edu/rutgers-lib/28621,,,,,,,
https://rucore.libraries.rutgers.edu/rutgers-lib/28622,,,,,,,
https://rucore.libraries.rutgers.edu/rutgers-lib/28623,,,,,,,
https://rucore.libraries.rutgers.edu/rutgers-lib/28626,,,,,,,
https://rucore.libraries.rutgers.edu/rutgers-lib/28627,,,,,,,
https://rucore.libraries.rutgers.edu/rutgers-lib/28628,,,,,,,
https://rucore.libraries.rutgers.edu/rutgers-lib/28629,,,,,,,
https://rucore.libraries.rutgers.edu/rutgers-lib/28630,,,,,,,
https://rucore.libraries.rutgers.edu/rutgers-lib/28632,,,,,,,
https://rucore.libraries.rutgers.edu/rutgers-lib/28635,,,,,,,
https://rucore.libraries.rutgers.edu/rutgers-lib/28636,,,,,,,
https://rucore.libraries.rutgers.edu/rutgers-lib/28637,,,,,,,
https://rucore.libraries.rutgers.edu/rutgers-lib/28639,,,,,,,
https://rucore.libraries.rutgers.edu/rutgers-lib/28641,,,,,,,
https://rucore.libraries.rutgers.edu/rutgers-lib/28642,,,,,,,
https://rucore.libraries.rutgers.edu/rutgers-lib/28594,,,,,,,
https://rucore.libraries.rutgers.edu/rutgers-lib/36692,,,,,,,
https://rucore.libraries.rutgers.edu/rutgers-lib/36690,,,,,,,
https://rucore.libraries.rutgers.edu/rutgers-lib/36691,,,,,,,
https://rucore.libraries.rutgers.edu/rutgers-lib/33956,,,,,,,
https://rucore.libraries.rutgers.edu/rutgers-lib/28646,,,,,,,
https://rucore.libraries.rutgers.edu/rutgers-lib/28638,,,,,,,
https://rucore.libraries.rutgers.edu/rutgers-lib/28662,,,,,,,
https://rucore.libraries.rutgers.edu/rutgers-lib/28664,,,,,,,
https://rucore.libraries.rutgers.edu/rutgers-lib/28665,,,,,,,
https://rucore.libraries.rutgers.edu/rutgers-lib/28666,,,,,,,
https://rucore.libraries.rutgers.edu/rutgers-lib/28654,,,,,,,
https://rucore.libraries.rutgers.edu/rutgers-lib/28655,,,,,,,
https://rucore.libraries.rutgers.edu/rutgers-lib/28656,,,,,,,
https://rucore.libraries.rutgers.edu/rutgers-lib/28657,,,,,,,
https://rucore.libraries.rutgers.edu/rutgers-lib/28658,,,,,,,
https://rucore.libraries.rutgers.edu/rutgers-lib/28660,,,,,,,
https://rucore.libraries.rutgers.edu/rutgers-lib/28661,,,,,,,
https://rucore.libraries.rutgers.edu/rutgers-lib/18835,,,,,,,
https://rucore.libraries.rutgers.edu/rutgers-lib/28663,,,,,,,
https://rucore.libraries.rutgers.edu/rutgers-lib/28667,,,,,,,
https://rucore.libraries.rutgers.edu/rutgers-lib/28668,,,,,,,
https://rucore.libraries.rutgers.edu/rutgers-lib/28669,,,,,,,
https://rucore.libraries.rutgers.edu/rutgers-lib/28670,,,,,,,
https://rucore.libraries.rutgers.edu/rutgers-lib/28671,,,,,,,
https://rucore.libraries.rutgers.edu/rutgers-lib/28672,,,,,,,
https://rucore.libraries.rutgers.edu/rutgers-lib/28659,,,,,,,
https://rucore.libraries.rutgers.edu/rutgers-lib/29188,,,,,,,
https://rucore.libraries.rutgers.edu/rutgers-lib/29305,,,,,,,