https://mediacommons.unl.edu/luna/servlet/detail/RUMSEY~8~1~317895~90086920:1--A--&-N--R-R---Plans-for-route-of,1. A. & N. R.R. (Plans for route of Atchison and Nebraska Railroad),David Rumsey Historical Map Collection,1872,
https://mediacommons.unl.edu/luna/servlet/detail/RUMSEY~8~1~317903~90086912:10--A--&-N--R-R---Plans-for-route-o,10. A. & N. R.R. (Plans for route of Atchison and Nebraska Railroad),David Rumsey Historical Map Collection,1872,
https://mediacommons.unl.edu/luna/servlet/detail/RUMSEY~8~1~317904~90086911:11--A--&-N--R-R---Plans-for-route-o,11. A. & N. R.R. (Plans for route of Atchison and Nebraska Railroad),David Rumsey Historical Map Collection,1872,
https://mediacommons.unl.edu/luna/servlet/detail/RUMSEY~8~1~317905~90086910:12--A--&-N--R-R---Plans-for-route-o,12. A. & N. R.R. (Plans for route of Atchison and Nebraska Railroad),David Rumsey Historical Map Collection,1872,
https://mediacommons.unl.edu/luna/servlet/detail/RUMSEY~8~1~317906~90086909:13--A--&-N--R-R---Plans-for-route-o,13. A. & N. R.R. (Plans for route of Atchison and Nebraska Railroad),David Rumsey Historical Map Collection,1872,
https://mediacommons.unl.edu/luna/servlet/detail/RUMSEY~8~1~317907~90086908:14--A--&-N--R-R---Plans-for-route-o,14. A. & N. R.R. (Plans for route of Atchison and Nebraska Railroad),David Rumsey Historical Map Collection,1872,
https://mediacommons.unl.edu/luna/servlet/detail/RUMSEY~8~1~317908~90086907:15--A--&-N--R-R---Plans-for-route-o,15. A. & N. R.R. (Plans for route of Atchison and Nebraska Railroad),David Rumsey Historical Map Collection,1872,
https://mediacommons.unl.edu/luna/servlet/detail/RUMSEY~8~1~317909~90086906:16--A--&-N--R-R---Plans-for-route-o,16. A. & N. R.R. (Plans for route of Atchison and Nebraska Railroad),David Rumsey Historical Map Collection,1872,
https://mediacommons.unl.edu/luna/servlet/detail/RUMSEY~8~1~317910~90086905:17--A--&-N--R-R---Plans-for-route-o,17. A. & N. R.R. (Plans for route of Atchison and Nebraska Railroad),David Rumsey Historical Map Collection,1872,
https://mediacommons.unl.edu/luna/servlet/detail/RUMSEY~8~1~317911~90086904:18--A--&-N--R-R---Plans-for-route-o,18. A. & N. R.R. (Plans for route of Atchison and Nebraska Railroad),David Rumsey Historical Map Collection,1872,
https://mediacommons.unl.edu/luna/servlet/detail/RUMSEY~8~1~317912~90086903:19--A--&-N--R-R---Plans-for-route-o,19. A. & N. R.R. (Plans for route of Atchison and Nebraska Railroad),David Rumsey Historical Map Collection,1872,
https://mediacommons.unl.edu/luna/servlet/detail/RUMSEY~8~1~317896~90086919:2--A--&-N--R-R---Plans-for-route-of,2. A. & N. R.R. (Plans for route of Atchison and Nebraska Railroad),David Rumsey Historical Map Collection,1872,
https://mediacommons.unl.edu/luna/servlet/detail/RUMSEY~8~1~317913~90086902:20--A--&-N--R-R---Plans-for-route-o,20. A. & N. R.R. (Plans for route of Atchison and Nebraska Railroad),David Rumsey Historical Map Collection,1872,
https://mediacommons.unl.edu/luna/servlet/detail/RUMSEY~8~1~317914~90086901:21--A--&-N--R-R---Plans-for-route-o,21. A. & N. R.R. (Plans for route of Atchison and Nebraska Railroad),David Rumsey Historical Map Collection,1872,
https://mediacommons.unl.edu/luna/servlet/detail/RUMSEY~8~1~317915~90086900:21a--A--&-N--R-R---Plans-for-route-,21a. A. & N. R.R. (Plans for route of Atchison and Nebraska Railroad),David Rumsey Historical Map Collection,1872,
https://mediacommons.unl.edu/luna/servlet/detail/RUMSEY~8~1~317916~90086899:27--A--&-N--R-R---Plans-for-route-o,27. A. & N. R.R. (Plans for route of Atchison and Nebraska Railroad),David Rumsey Historical Map Collection,1872,
https://mediacommons.unl.edu/luna/servlet/detail/RUMSEY~8~1~317917~90086898:28--A--&-N--R-R---Plans-for-route-o,28. A. & N. R.R. (Plans for route of Atchison and Nebraska Railroad),David Rumsey Historical Map Collection,1872,
https://mediacommons.unl.edu/luna/servlet/detail/RUMSEY~8~1~317918~90086897:29--A--&-N--R-R---Plans-for-route-o,29. A. & N. R.R. (Plans for route of Atchison and Nebraska Railroad),David Rumsey Historical Map Collection,1872,
https://mediacommons.unl.edu/luna/servlet/detail/RUMSEY~8~1~317897~90086918:3--A--&-N--R-R---Plans-for-route-of,3. A. & N. R.R. (Plans for route of Atchison and Nebraska Railroad),David Rumsey Historical Map Collection,1872,
https://mediacommons.unl.edu/luna/servlet/detail/RUMSEY~8~1~317898~90086917:5--A--&-N--R-R---Plans-for-route-of,5. A. & N. R.R. (Plans for route of Atchison and Nebraska Railroad),David Rumsey Historical Map Collection,1872,
https://mediacommons.unl.edu/luna/servlet/detail/RUMSEY~8~1~317899~90086916:6--A--&-N--R-R---Plans-for-route-of,6. A. & N. R.R. (Plans for route of Atchison and Nebraska Railroad),David Rumsey Historical Map Collection,1872,
https://mediacommons.unl.edu/luna/servlet/detail/RUMSEY~8~1~317900~90086915:7--A--&-N--R-R---Plans-for-route-of,7. A. & N. R.R. (Plans for route of Atchison and Nebraska Railroad),David Rumsey Historical Map Collection,1872,
https://mediacommons.unl.edu/luna/servlet/detail/RUMSEY~8~1~317901~90086914:8--A--&-N--R-R---Plans-for-route-of,8. A. & N. R.R. (Plans for route of Atchison and Nebraska Railroad),David Rumsey Historical Map Collection,1872,
https://mediacommons.unl.edu/luna/servlet/detail/RUMSEY~8~1~317902~90086913:9--A--&-N--R-R---Plans-for-route-of,9. A. & N. R.R. (Plans for route of Atchison and Nebraska Railroad),David Rumsey Historical Map Collection,1872,
"https://mediacommons.unl.edu/luna/servlet/detail/RUMSEY~8~1~252749~5518622:A-New-Map-of-Nebraska,-Kansas,-New-","A New Map of Nebraska, Kansas, New Mexico and Indian Territories",David Rumsey Historical Map Collection,1857,
https://mediacommons.unl.edu/luna/servlet/detail/RUMSEY~8~1~28953~113049:Atkinson-,"Atkinson, Nebraska",David Rumsey Historical Map Collection,1885,
https://mediacommons.unl.edu/luna/servlet/detail/RUMSEY~8~1~306101~90076097:Atlas-of-the-United-States--Nebrask,Atlas of the United States. Nebraska and Northern Territories,David Rumsey Historical Map Collection,1868,
https://mediacommons.unl.edu/luna/servlet/detail/RUMSEY~8~1~29036~1130133:Auburn-,"Auburn, Nebraska",David Rumsey Historical Map Collection,1885,
"https://mediacommons.unl.edu/luna/servlet/detail/RUMSEY~8~1~201699~3000663:AutoTrails-Map,-Iowa,-Eastern-Nebra","AutoTrails Map, Iowa, Eastern Nebraska, Southern Minnesota, Northern Missouri, Northeastern Kansas, Western Illinois.",David Rumsey Historical Map Collection,1924,
"https://mediacommons.unl.edu/luna/servlet/detail/RUMSEY~8~1~201708~3000668:AutoTrails-Map,-Southern-Nebraska,-","AutoTrails Map, Southern Nebraska, Eastern Colorado, Kansas, Northeastern New Mexico, Northern Oklahoma.",David Rumsey Historical Map Collection,1924,
"https://mediacommons.unl.edu/luna/servlet/detail/RUMSEY~8~1~28924~113012:Blair,-Neb-","Blair, Nebraska",David Rumsey Historical Map Collection,1885,
"https://mediacommons.unl.edu/luna/servlet/detail/RUMSEY~8~1~28929~113025:Bloomington,-Riverton-","Bloomington, Riverton, Nebraska",David Rumsey Historical Map Collection,1885,
https://mediacommons.unl.edu/luna/servlet/detail/RUMSEY~8~1~29035~1130132:Brownville-,"Brownville, Nebraska",David Rumsey Historical Map Collection,1885,
"https://mediacommons.unl.edu/luna/servlet/detail/RUMSEY~8~1~224035~5506309:Central-Bluffs,-Burt-County,-Nebras","Central Bluffs, Burt County, Nebraska",David Rumsey Historical Map Collection,1856,
"https://mediacommons.unl.edu/luna/servlet/detail/RUMSEY~8~1~29002~113099:Chase,-Hayes,-Dundy,-Hitchcock-","Chase, Hayes, Dundy, Hitchcock, Nebraska",David Rumsey Historical Map Collection,1885,
"https://mediacommons.unl.edu/luna/servlet/detail/RUMSEY~8~1~29017~1130114:Cherry-Co-,-Neb-","Cherry County, Nebraska",David Rumsey Historical Map Collection,1885,
https://mediacommons.unl.edu/luna/servlet/detail/RUMSEY~8~1~317921~90086895:Composite--24-sheets--A--&-N--R-R--,Composite: 24 sheets. A. & N. R.R. (Plans for route of Atchison and Nebraska Railroad),David Rumsey Historical Map Collection,1872,
https://mediacommons.unl.edu/luna/servlet/detail/RUMSEY~8~1~317919~90086894:Composite--24-sheets--A--&-N--R-R--,Composite: 24 sheets. A. & N. R.R. (Plans for route of Atchison and Nebraska Railroad),David Rumsey Historical Map Collection,1872,
https://mediacommons.unl.edu/luna/servlet/detail/RUMSEY~8~1~317920~90086896:Composite--County-maps-of-Richardso,"Composite: County maps of Richardson county in Nebraska, and Doniphan, Brown, and Atchison counties in Kansas.",David Rumsey Historical Map Collection,1887,
https://mediacommons.unl.edu/luna/servlet/detail/RUMSEY~8~1~236852~5510921:Composite--Map-of-Nebraska,Composite: Map of Nebraska,David Rumsey Historical Map Collection,1882,
"https://mediacommons.unl.edu/luna/servlet/detail/RUMSEY~8~1~222889~5505936:Composite--Sheets-1-4,-Campaign-Map","Composite: Sheets 1-4, Campaign Maps Nebraska and Wyoming",David Rumsey Historical Map Collection,1874,
https://mediacommons.unl.edu/luna/servlet/detail/RUMSEY~8~1~254643~5519461:County-&-township-map-of-the-states,County & township map of the states of Kansas and Nebraska.,David Rumsey Historical Map Collection,1874,
https://mediacommons.unl.edu/luna/servlet/detail/RUMSEY~8~1~255128~5519630:County-and-township-map-of-the-Stat,County and township map of the States of Kansas and Nebraska,David Rumsey Historical Map Collection,1877,
https://mediacommons.unl.edu/luna/servlet/detail/RUMSEY~8~1~298005~90069599:County-Seats-in-Nebraska,County Seats in Nebraska,David Rumsey Historical Map Collection,1866,
https://mediacommons.unl.edu/luna/servlet/detail/RUMSEY~8~1~29085~1130190:Cuming-County-,"Cuming County, Nebraska",David Rumsey Historical Map Collection,1885,
https://mediacommons.unl.edu/luna/servlet/detail/RUMSEY~8~1~28211~113017:Dakota-City-,"Dakota City, Nebraska",David Rumsey Historical Map Collection,1885,
"https://mediacommons.unl.edu/luna/servlet/detail/RUMSEY~8~1~259630~5522639:Dawson-County,-Nebraska-","Dawson County, Nebraska.",David Rumsey Historical Map Collection,1904,
"https://mediacommons.unl.edu/luna/servlet/detail/RUMSEY~8~1~28918~11306:Decatur,-Burt-","Decatur, Burt, Nebraska",David Rumsey Historical Map Collection,1885,
https://mediacommons.unl.edu/luna/servlet/detail/RUMSEY~8~1~28219~1130169:Denver-Junction-,Denver Junction.,David Rumsey Historical Map Collection,1885,
https://mediacommons.unl.edu/luna/servlet/detail/RUMSEY~8~1~29031~1130128:Falls-City-,"Falls City, Nebraska",David Rumsey Historical Map Collection,1885,
https://mediacommons.unl.edu/luna/servlet/detail/RUMSEY~8~1~29072~1130177:Florence-,"Florence, Nebraska",David Rumsey Historical Map Collection,1885,
https://mediacommons.unl.edu/luna/servlet/detail/RUMSEY~8~1~28218~113024:Franklin-,"Franklin, Nebraska",David Rumsey Historical Map Collection,1885,
"https://mediacommons.unl.edu/luna/servlet/detail/RUMSEY~8~1~28937~113033:Fullerton,-Genoa-","Fullerton, Genoa, Nebraska",David Rumsey Historical Map Collection,1885,
"https://mediacommons.unl.edu/luna/servlet/detail/RUMSEY~8~1~29027~1130124:Garfield,-Wheeler-counties-","Garfield, Wheeler counties, Nebraska",David Rumsey Historical Map Collection,1885,
"https://mediacommons.unl.edu/luna/servlet/detail/RUMSEY~8~1~320021~90089018:Great-Plains,-Nebraska","Great Plains, Nebraska",David Rumsey Historical Map Collection,1982,
https://mediacommons.unl.edu/luna/servlet/detail/RUMSEY~8~1~29067~1130164:Greeley-Co-,"Greeley County, Nebrasaka ",David Rumsey Historical Map Collection,1885,
https://mediacommons.unl.edu/luna/servlet/detail/RUMSEY~8~1~28224~1130174:Hall-Co-,"Hall County, Nebraska",David Rumsey Historical Map Collection,1885,
"https://mediacommons.unl.edu/luna/servlet/detail/RUMSEY~8~1~28930~113026:Hamilton-Co-,-Nebraska-","Hamilton County, Nebraska.",David Rumsey Historical Map Collection,1885,
https://mediacommons.unl.edu/luna/servlet/detail/RUMSEY~8~1~28933~113029:Howard-Co-,"Howard County, Nebraska",David Rumsey Historical Map Collection,1885,
"https://mediacommons.unl.edu/luna/servlet/detail/RUMSEY~8~1~2062~120060:Illinois,-Missouri,-Iowa,-Nebraska-","Illinois, Missouri, Iowa, Nebraska And Kansas.",David Rumsey Historical Map Collection,1860,
https://mediacommons.unl.edu/luna/servlet/detail/RUMSEY~8~1~207009~3003098:Indian-Territory--Oklahoma---Nebras,Indian Territory (Oklahoma). Nebraska.,David Rumsey Historical Map Collection,1874,
https://mediacommons.unl.edu/luna/servlet/detail/RUMSEY~8~1~206493~3002694:Iowa-And-Nebraska-,Iowa And Nebraska.,David Rumsey Historical Map Collection,1865,
https://mediacommons.unl.edu/luna/servlet/detail/RUMSEY~8~1~219433~5504623:Iowa-and-Nebraska-,Iowa and Nebraska.,David Rumsey Historical Map Collection,1870,
"https://mediacommons.unl.edu/luna/servlet/detail/RUMSEY~8~1~241193~5512511:Iowa,-Illinois,-Nebraska,-Missouri,","Iowa, Illinois, Nebraska, Missouri, Western Territory en Arkansas.",David Rumsey Historical Map Collection,1851,
https://mediacommons.unl.edu/luna/servlet/detail/RUMSEY~8~1~28935~113031:Jefferson-Co-,"Jefferson County, Nebrasaka ",David Rumsey Historical Map Collection,1885,
https://mediacommons.unl.edu/luna/servlet/detail/RUMSEY~8~1~28954~113050:Johnson-Co-,"Johnson County, Nebraska",David Rumsey Historical Map Collection,1885,
https://mediacommons.unl.edu/luna/servlet/detail/RUMSEY~8~1~308807~90078772:Kansas-and-Nebraska-,Kansas and Nebraska.,David Rumsey Historical Map Collection,1857,
"https://mediacommons.unl.edu/luna/servlet/detail/RUMSEY~8~1~4217~420047:Kansas,-Nebraska-","Kansas, Nebraska.",David Rumsey Historical Map Collection,1866,
"https://mediacommons.unl.edu/luna/servlet/detail/RUMSEY~8~1~38154~1211171:Kansas,-Nebraska-","Kansas, Nebraska.",David Rumsey Historical Map Collection,1886,
"https://mediacommons.unl.edu/luna/servlet/detail/RUMSEY~8~1~37232~1210225:Kansas,-Nebraska-","Kansas, Nebraska.",David Rumsey Historical Map Collection,1884,
"https://mediacommons.unl.edu/luna/servlet/detail/RUMSEY~8~1~30589~1140116:Kansas,-Nebraska-","Kansas, Nebraska.",David Rumsey Historical Map Collection,1890,
"https://mediacommons.unl.edu/luna/servlet/detail/RUMSEY~8~1~30513~1140040:Kansas,-Nebraska-","Kansas, Nebraska.",David Rumsey Historical Map Collection,1880,
https://mediacommons.unl.edu/luna/servlet/detail/RUMSEY~8~1~28959~113055:Kearney-Co-,"Kearney County, Nebraska",David Rumsey Historical Map Collection,1885,
https://mediacommons.unl.edu/luna/servlet/detail/RUMSEY~8~1~29021~1130118:Knox-County-,"Knox County, Nebraska",David Rumsey Historical Map Collection,1885,
"https://mediacommons.unl.edu/luna/servlet/detail/RUMSEY~8~1~28946~113042:Louisville,-Greenwood-","Louisville, Greenwood, Nebraska",David Rumsey Historical Map Collection,1885,
"https://mediacommons.unl.edu/luna/servlet/detail/RUMSEY~8~1~28915~11303:Madison,-Battle-Creek-","Madison, Battle Creek, Nebraska",David Rumsey Historical Map Collection,1885,
https://mediacommons.unl.edu/luna/servlet/detail/RUMSEY~8~1~304410~90075044:Map-No--XVI--Minnesota-and-Dakota--,Map No. XVI. Minnesota and Dakota. XVII. Nebraska,David Rumsey Historical Map Collection,1865,
"https://mediacommons.unl.edu/luna/servlet/detail/RUMSEY~8~1~249749~5516649:Map-of-Kansas,-Nebraska-and-Colorad","Map of Kansas, Nebraska and Colorado, South Dakota",David Rumsey Historical Map Collection,1868,
"https://mediacommons.unl.edu/luna/servlet/detail/RUMSEY~8~1~235380~5510458:Map-of-Kansas,-Nebraska,-Colorado,-","Map of Kansas, Nebraska, Colorado, Dakota",David Rumsey Historical Map Collection,1865,
https://mediacommons.unl.edu/luna/servlet/detail/RUMSEY~8~1~222495~5505450:Map-of-military-department-of-the-P,"Map of military department of the Platte, Nebraska",David Rumsey Historical Map Collection,1872,
https://mediacommons.unl.edu/luna/servlet/detail/RUMSEY~8~1~261109~5523220:Map-of-Nebraska--82,Map of Nebraska. 82,David Rumsey Historical Map Collection,1891,
https://mediacommons.unl.edu/luna/servlet/detail/RUMSEY~8~1~269430~90043605:Map-showing-the-positions-of-the-Ba,Map showing the positions of the Bad Lands or Mauvaises Terres of Nebraska,David Rumsey Historical Map Collection,1852,
"https://mediacommons.unl.edu/luna/servlet/detail/RUMSEY~8~1~214450~5501684:Military-Map-of-Parts-of-Kansas,-Ne","Military Map of Parts of Kansas, Nebraska and Dakota",David Rumsey Historical Map Collection,1859,
https://mediacommons.unl.edu/luna/servlet/detail/RUMSEY~8~1~256952~5520650:Nebraska,Nebraska,David Rumsey Historical Map Collection,1927,
https://mediacommons.unl.edu/luna/servlet/detail/RUMSEY~8~1~34345~1171269:Nebraska-And-Kansas-,Nebraska And Kansas,David Rumsey Historical Map Collection,1855,
https://mediacommons.unl.edu/luna/servlet/detail/RUMSEY~8~1~1747~130145:Nebraska-And-Kansas-,Nebraska And Kansas,David Rumsey Historical Map Collection,1854,
https://mediacommons.unl.edu/luna/servlet/detail/RUMSEY~8~1~203239~3001487:Nebraska-and-Kansas--Minnesota-,Nebraska and Kansas. Minnesota.,David Rumsey Historical Map Collection,1858,
https://mediacommons.unl.edu/luna/servlet/detail/RUMSEY~8~1~29029~1130126:Nebraska-City-,"Nebraska City, Otoe County, Nebraska",David Rumsey Historical Map Collection,1885,
https://mediacommons.unl.edu/luna/servlet/detail/RUMSEY~8~1~298003~90069597:Nebraska-Counties,Nebraska Counties,David Rumsey Historical Map Collection,1866,
https://mediacommons.unl.edu/luna/servlet/detail/RUMSEY~8~1~24094~920009:Nebraska-highway-map-,Nebraska highway map.,David Rumsey Historical Map Collection,1920,
"https://mediacommons.unl.edu/luna/servlet/detail/RUMSEY~8~1~206496~3002695:Nebraska,-Dakota,-Idaho,-and-Montan","Nebraska, Dakota, Idaho, and Montana",David Rumsey Historical Map Collection,1865,
"https://mediacommons.unl.edu/luna/servlet/detail/RUMSEY~8~1~219438~5504625:Nebraska,-Dakota,-Idaho,-Montana-an","Nebraska, Dakota, Idaho, Montana and Wyoming.",David Rumsey Historical Map Collection,1870,
"https://mediacommons.unl.edu/luna/servlet/detail/RUMSEY~8~1~225966~5506663:Nebraska,-Dakota,-Montana,-and-Wyom","Nebraska, Dakota, Montana, and Wyoming",David Rumsey Historical Map Collection,1873,
"https://mediacommons.unl.edu/luna/servlet/detail/RUMSEY~8~1~320022~90089034:Nebraska,-Iowa,-Wisconsin","Nebraska, Iowa, Wisconsin",David Rumsey Historical Map Collection,1982,
"https://mediacommons.unl.edu/luna/servlet/detail/RUMSEY~8~1~229490~5508082:Nebraska,-Published-by-H-R--Page-&-","Nebraska, Published by H.R. Page & Co., Chicago, Ill., 1886.",David Rumsey Historical Map Collection,1886,
https://mediacommons.unl.edu/luna/servlet/detail/RUMSEY~8~1~201705~3000666:Nebraska-,Nebraska.,David Rumsey Historical Map Collection,1924,
https://mediacommons.unl.edu/luna/servlet/detail/RUMSEY~8~1~219194~5504485:Nebraska-,Nebraska.,David Rumsey Historical Map Collection,1885,
https://mediacommons.unl.edu/luna/servlet/detail/RUMSEY~8~1~28913~11301:Nebraska-,Nebraska.,David Rumsey Historical Map Collection,1885,
https://mediacommons.unl.edu/luna/servlet/detail/RUMSEY~8~1~268019~90042294:Nebraska-,Nebraska.,David Rumsey Historical Map Collection,1882,
https://mediacommons.unl.edu/luna/servlet/detail/RUMSEY~8~1~268188~90042566:Nebraska-,Nebraska.,David Rumsey Historical Map Collection,1931,
https://mediacommons.unl.edu/luna/servlet/detail/RUMSEY~8~1~265190~5525223:Nebraska-,Nebraska.,David Rumsey Historical Map Collection,1878,
https://mediacommons.unl.edu/luna/servlet/detail/RUMSEY~8~1~37908~1210756:Nebraska-,Nebraska.,David Rumsey Historical Map Collection,1903,
https://mediacommons.unl.edu/luna/servlet/detail/RUMSEY~8~1~212936~5500782:Nebraska-,Nebraska.,David Rumsey Historical Map Collection,1889,
https://mediacommons.unl.edu/luna/servlet/detail/RUMSEY~8~1~20810~560091:Nebraska-,Nebraska.,David Rumsey Historical Map Collection,1897,
https://mediacommons.unl.edu/luna/servlet/detail/RUMSEY~8~1~259673~5522671:Nebraska-,Nebraska.,David Rumsey Historical Map Collection,1904,
https://mediacommons.unl.edu/luna/servlet/detail/RUMSEY~8~1~210080~5003865:Nebraska-,Nebraska.,David Rumsey Historical Map Collection,1874,
https://mediacommons.unl.edu/luna/servlet/detail/RUMSEY~8~1~201703~3000665:Nebraska-,Nebraska.,David Rumsey Historical Map Collection,1924,
https://mediacommons.unl.edu/luna/servlet/detail/RUMSEY~8~1~307516~90077395:Nebraska-,Nebraska.,David Rumsey Historical Map Collection,1867,
https://mediacommons.unl.edu/luna/servlet/detail/RUMSEY~8~1~264504~5524867:Nebraska-,Nebraska.,David Rumsey Historical Map Collection,1873,
https://mediacommons.unl.edu/luna/servlet/detail/RUMSEY~8~1~326841~90095176:Nebraska-,Nebraska.,David Rumsey Historical Map Collection,1938,
https://mediacommons.unl.edu/luna/servlet/detail/RUMSEY~8~1~3153~410071:Nebraska-,Nebraska.,David Rumsey Historical Map Collection,1875,
https://mediacommons.unl.edu/luna/servlet/detail/RUMSEY~8~1~209757~5003662:Nebraska-,Nebraska.,David Rumsey Historical Map Collection,1886,
https://mediacommons.unl.edu/luna/servlet/detail/RUMSEY~8~1~209055~5003979:Nebraska-,Nebraska. ,David Rumsey Historical Map Collection,1869,
https://mediacommons.unl.edu/luna/servlet/detail/RUMSEY~8~1~206214~3002940:Nebraska--Oklahoma-,Nebraska. Oklahoma.,David Rumsey Historical Map Collection,1948,
"https://mediacommons.unl.edu/luna/servlet/detail/RUMSEY~8~1~28214~113020:Neligh,-Oakdale-","Neligh, Oakdale, Nebraska",David Rumsey Historical Map Collection,1885,
"https://mediacommons.unl.edu/luna/servlet/detail/RUMSEY~8~1~28969~113065:Nelson,-Hardy-","Nelson, Hardy, Nebraska",David Rumsey Historical Map Collection,1885,
"https://mediacommons.unl.edu/luna/servlet/detail/RUMSEY~8~1~29038~1130135:Nemaha-Cy-,-Brock-","Nemaha County, Brock, Nebraska.",David Rumsey Historical Map Collection,1885,
"https://mediacommons.unl.edu/luna/servlet/detail/RUMSEY~8~1~28916~11304:Norfolk,-Burnett-","Norfolk, Burnett, Nebraska",David Rumsey Historical Map Collection,1885,
https://mediacommons.unl.edu/luna/servlet/detail/RUMSEY~8~1~29010~1130107:North-Platte-,"North-Platte, Nebraska",David Rumsey Historical Map Collection,1885,
"https://mediacommons.unl.edu/luna/servlet/detail/RUMSEY~8~1~290385~90062026:Omaha--Dimension-Map-Inc-,-1980","Omaha, Nebraska. Dimension Map Inc., 1980",David Rumsey Historical Map Collection,1980,
"https://mediacommons.unl.edu/luna/servlet/detail/RUMSEY~8~1~29058~1130155:Ord,-Buffalo-","Ord, Gibbon, Buffalo County, ",David Rumsey Historical Map Collection,1885,
https://mediacommons.unl.edu/luna/servlet/detail/RUMSEY~8~1~28938~113034:Pawnee-City-,"Pawnee City, Nebraska",David Rumsey Historical Map Collection,1885,
https://mediacommons.unl.edu/luna/servlet/detail/RUMSEY~8~1~28940~113036:Pawnee-Co-,"Pawnee County, Nebraska",David Rumsey Historical Map Collection,1885,
https://mediacommons.unl.edu/luna/servlet/detail/RUMSEY~8~1~28971~113067:Pierce-Co-,"Pierce County, Nebraska",David Rumsey Historical Map Collection,1885,
https://mediacommons.unl.edu/luna/servlet/detail/RUMSEY~8~1~29062~1130159:Plum-Creek-,"Plum Creek, Nebraska",David Rumsey Historical Map Collection,1885,
https://mediacommons.unl.edu/luna/servlet/detail/RUMSEY~8~1~319125~90088044:Post-Route-Map-of-the-State-of-Nebr,"Post Route Map of the State of Nebraska Showing Post Offices ... February 1, 1937.",David Rumsey Historical Map Collection,1937,
https://mediacommons.unl.edu/luna/servlet/detail/RUMSEY~8~1~319192~90088124:Post-Route-Map-of-the-State-of-Nebr,"Post Route Map of the State of Nebraska Showing Post Offices ... January 4, 1954.",David Rumsey Historical Map Collection,1954,
https://mediacommons.unl.edu/luna/servlet/detail/RUMSEY~8~1~319186~90088114:Post-Route-Map-of-the-State-of-Nebr,"Post Route Map of the State of Nebraska Showing Post Offices ... May 1, 1941.",David Rumsey Historical Map Collection,1941,
https://mediacommons.unl.edu/luna/servlet/detail/RUMSEY~8~1~319187~90088116:Post-Route-Map-of-the-State-of-Nebr,"Post Route Map of the State of Nebraska Showing Post Offices ... May 1, 1948.",David Rumsey Historical Map Collection,1948,
https://mediacommons.unl.edu/luna/servlet/detail/RUMSEY~8~1~319208~90088131:Post-Route-Map-of-the-State-of-Nebr,"Post Route Map of the State of Nebraska Showing Post Offices ... October 1, 1959.",David Rumsey Historical Map Collection,1959,
https://mediacommons.unl.edu/luna/servlet/detail/RUMSEY~8~1~236637~5510864:Railway-and-Township-Map-Of-Nebrask,Railway and Township Map Of Nebraska.,David Rumsey Historical Map Collection,1871,
https://mediacommons.unl.edu/luna/servlet/detail/RUMSEY~8~1~236182~5510748:Railway-Distance-Map-of-the-State-o,Railway Distance Map of the State of Nebraska,David Rumsey Historical Map Collection,1934,
https://mediacommons.unl.edu/luna/servlet/detail/RUMSEY~8~1~29030~1130127:Rulo-,"Rulo, Nebraska",David Rumsey Historical Map Collection,1885,
"https://mediacommons.unl.edu/luna/servlet/detail/RUMSEY~8~1~28216~113022:Schuyler,-Leigh-","Schuyler, Leigh, Nebraska",David Rumsey Historical Map Collection,1885,
https://mediacommons.unl.edu/luna/servlet/detail/RUMSEY~8~1~213690~5501093:Sectional-Map-Of-Nebraska-Territory,Sectional Map Of Nebraska Territory,David Rumsey Historical Map Collection,1857,
https://mediacommons.unl.edu/luna/servlet/detail/RUMSEY~8~1~28987~113083:Seward-,"Seward, Nebraska",David Rumsey Historical Map Collection,1885,
https://mediacommons.unl.edu/luna/servlet/detail/RUMSEY~8~1~212111~5500228:Shell-Highway-Map-of-Nebraska-,Shell Highway Map of Nebraska.,David Rumsey Historical Map Collection,1949,
https://mediacommons.unl.edu/luna/servlet/detail/RUMSEY~8~1~28964~113060:Sherman-Co-,"Sherman County, Nebraska",David Rumsey Historical Map Collection,1885,
"https://mediacommons.unl.edu/luna/servlet/detail/RUMSEY~8~1~210458~5004086:State-of-Kansas,-and-Nebraska-and-I","State of Kansas, and Nebraska and Indian Territories.",David Rumsey Historical Map Collection,1866,
https://mediacommons.unl.edu/luna/servlet/detail/RUMSEY~8~1~281791~90054744:State-of-Nebraska,State of Nebraska,David Rumsey Historical Map Collection,1876,
https://mediacommons.unl.edu/luna/servlet/detail/RUMSEY~8~1~1600~200050:State-Of-Nebraska-,State Of Nebraska.,David Rumsey Historical Map Collection,1879,
https://mediacommons.unl.edu/luna/servlet/detail/RUMSEY~8~1~28970~113066:Superior-,"Superior, Nebraska",David Rumsey Historical Map Collection,1885,
https://mediacommons.unl.edu/luna/servlet/detail/RUMSEY~8~1~328739~90097245:Tav--CXXXI--Prov--eccl--di-S--Franc,Tav. CXXXI. Prov. eccl. di S. Francesco -- Oregon -- Vic. Nebraska.,David Rumsey Historical Map Collection,1859,
"https://mediacommons.unl.edu/luna/servlet/detail/RUMSEY~8~1~1451~160012:Territory-of-Arizona,-Nebraska,-Nev","Territory of Arizona, Nebraska, Nevada, Arkansas.",David Rumsey Historical Map Collection,1889,
https://mediacommons.unl.edu/luna/servlet/detail/RUMSEY~8~1~28978~113074:Thayer-Co-,"Thayer County, Nebraska",David Rumsey Historical Map Collection,1885,
https://mediacommons.unl.edu/luna/servlet/detail/RUMSEY~8~1~212114~5500229:Various-Regions-and-Cities-in-Nebra,Various Regions and Cities in Nebraska.,David Rumsey Historical Map Collection,1949,
https://mediacommons.unl.edu/luna/servlet/detail/RUMSEY~8~1~28947~113043:Weeping-Water-,"Weeping-Water, Nebraska",David Rumsey Historical Map Collection,1885,
"https://mediacommons.unl.edu/luna/servlet/detail/RUMSEY~8~1~29005~1130102:Wymore,-Filley-","Wymore, Filley, Nebraska",David Rumsey Historical Map Collection,1885,
https://mediacommons.unl.edu/luna/servlet/detail/RUMSEY~8~1~332028~90100315:New-railroad-and-county-map-of-Nebr,New railroad and county map of Nebraska.,David Rumsey Historical Map Collection,1882,
https://mediacommons.unl.edu/luna/servlet/detail/RUMSEY~8~1~1698~130057:Nebraska-And-Kanzas-,Nebraska And Kanzas. ,David Rumsey Historical Map Collection,1856,
https://mediacommons.unl.edu/luna/servlet/detail/RUMSEY~8~1~3886~400076:Nebraska-,Nebraska.,David Rumsey Historical Map Collection,1879,
https://mediacommons.unl.edu/luna/servlet/detail/RUMSEY~8~1~35822~1201308:Nebraska-,Nebraska,David Rumsey Historical Map Collection,1875,
https://mediacommons.unl.edu/luna/servlet/detail/RUMSEY~8~1~281143~5515463:Road-map-of-Nebraska,Road map of Nebraska,David Rumsey Historical Map Collection,1940,
https://mediacommons.unl.edu/luna/servlet/detail/RUMSEY~8~1~258643~5522110:Rand-McNally-Road-map--Nebraska,Rand McNally Road map: Nebraska,David Rumsey Historical Map Collection,1939,
"https://mediacommons.unl.edu/luna/servlet/detail/RUMSEY~8~1~221747~5505577:Territory-of-Dakota,-Minnesota,-and","Territory of Dakota, Minnesota, and Nebraska.",David Rumsey Historical Map Collection,1872,
https://mediacommons.unl.edu/luna/servlet/detail/RUMSEY~8~1~314032~90082735:Clason-s-Road-Map-of-Nebraska,Clason's Road Map of Nebraska,David Rumsey Historical Map Collection,1931,
https://mediacommons.unl.edu/luna/servlet/detail/RUMSEY~8~1~308498~90078350:Nebraska-,Nebraska.,David Rumsey Historical Map Collection,1912,
https://mediacommons.unl.edu/luna/servlet/detail/RUMSEY~8~1~213255~5500924:Nebraska-,Nebraska.,David Rumsey Historical Map Collection,1901,
https://mediacommons.unl.edu/luna/servlet/detail/RUMSEY~8~1~237792~5511234:Guide-Through-Mid-West-States,Guide Through Mid West States,David Rumsey Historical Map Collection,1857,
https://mediacommons.unl.edu/luna/servlet/detail/RUMSEY~8~1~2516~310028:Nebraska-And-Kansas-,Nebraska And Kansas.,David Rumsey Historical Map Collection,1860,
https://mediacommons.unl.edu/luna/servlet/detail/RUMSEY~8~1~29081~1130186:Omaha-City-&-environs-,"Omaha City, Nebrasaka and environs.",David Rumsey Historical Map Collection,1885,
https://mediacommons.unl.edu/luna/servlet/detail/RUMSEY~8~1~29080~1130185:Composite--Omaha-City-,"Composite: Omaha City, Nebraska",David Rumsey Historical Map Collection,1885,
"https://mediacommons.unl.edu/luna/servlet/detail/RUMSEY~8~1~29060~1130157:Buffalo-Co-,-Neb-","Buffalo County, Nebraska",David Rumsey Historical Map Collection,1885,
"https://mediacommons.unl.edu/luna/servlet/detail/RUMSEY~8~1~29033~1130130:Humboldt,-Dawson-","Humboldt, Dawson, Nebrasaka",David Rumsey Historical Map Collection,1885,
https://mediacommons.unl.edu/luna/servlet/detail/RUMSEY~8~1~29032~1130129:Richardson-County-,"Richardson County, Nebraska",David Rumsey Historical Map Collection,1885,
https://mediacommons.unl.edu/luna/servlet/detail/RUMSEY~8~1~29026~1130123:Otoe-Co-,"Otoe County, Nebraska",David Rumsey Historical Map Collection,1885,
"https://mediacommons.unl.edu/luna/servlet/detail/RUMSEY~8~1~29025~1130122:Syracuse,-Palmyra,-Unadilla,-Wyomin","Syracuse, Palmyra, Unadilla, Nebraska and Wyoming.",David Rumsey Historical Map Collection,1885,
"https://mediacommons.unl.edu/luna/servlet/detail/RUMSEY~8~1~29022~1130119:Creighton,-W--Niobrara-","Creighton, West Niobrara, Nebraska",David Rumsey Historical Map Collection,1885,
https://mediacommons.unl.edu/luna/servlet/detail/RUMSEY~8~1~29013~1130110:Fort-Niobrara-,"Fort Niobrara, Nebraska",David Rumsey Historical Map Collection,1885,
"https://mediacommons.unl.edu/luna/servlet/detail/RUMSEY~8~1~29000~113097:Orleans,-Republican-City-","Orleans, Republican City, Nebraska",David Rumsey Historical Map Collection,1885,
"https://mediacommons.unl.edu/luna/servlet/detail/RUMSEY~8~1~28995~113091:Bellwood,-Risings,-Ulysses,-Arborvi","Bellwood, Risings, Ulysses, Arborville, Nebraska",David Rumsey Historical Map Collection,1885,
"https://mediacommons.unl.edu/luna/servlet/detail/RUMSEY~8~1~28984~113080:Utica,-Milford-","Utica, Milford, Nebraska",David Rumsey Historical Map Collection,1885,
"https://mediacommons.unl.edu/luna/servlet/detail/RUMSEY~8~1~28975~113071:Guide-Rock,-Blue-Hill-","Guide Rock, Blue Hill, Nebraska",David Rumsey Historical Map Collection,1885,
"https://mediacommons.unl.edu/luna/servlet/detail/RUMSEY~8~1~28967~113063:St--Edwards,-Albion-","St. Edwards, Albion, Nebraska",David Rumsey Historical Map Collection,1885,
"https://mediacommons.unl.edu/luna/servlet/detail/RUMSEY~8~1~28961~113057:Ashland,-Wahoo-","Ashland, Wahoo, Nebraska",David Rumsey Historical Map Collection,1885,
"https://mediacommons.unl.edu/luna/servlet/detail/RUMSEY~8~1~28212~113018:Emerson,-Covington-","Emerson, Covington, Nebraska",David Rumsey Historical Map Collection,1885,
"https://mediacommons.unl.edu/luna/servlet/detail/RUMSEY~8~1~229659~5508249:-Map-11---Wyoming,-Nebraska,-Colora","Map 11 - Wyoming, Nebraska, Colorado, Kansas, South Dakota",David Rumsey Historical Map Collection,1878,
https://mediacommons.unl.edu/luna/servlet/detail/RUMSEY~8~1~37016~1210018:Western-States-,Western States.,David Rumsey Historical Map Collection,1856,
https://mediacommons.unl.edu/luna/servlet/detail/RUMSEY~8~1~29087~113093:York-Co-,"York County, Nebraska",David Rumsey Historical Map Collection,1885,
"https://mediacommons.unl.edu/luna/servlet/detail/RUMSEY~8~1~29086~1130191:West-Point,-Wisner-","West-Point, Wisner, Nebraska",David Rumsey Historical Map Collection,1885,
"https://mediacommons.unl.edu/luna/servlet/detail/RUMSEY~8~1~29084~1130189:Frontier,-Gosper,-Red-Willow,-Furna","Frontier, Gosper, Red Willow, Furnas Counties, Nebraska",David Rumsey Historical Map Collection,1885,
https://mediacommons.unl.edu/luna/servlet/detail/RUMSEY~8~1~29083~1130188:Arapahoe-,"Arapahoe, Nebraska",David Rumsey Historical Map Collection,1885,
https://mediacommons.unl.edu/luna/servlet/detail/RUMSEY~8~1~29082~1130187:McCook-,"McCook, Nebraska",David Rumsey Historical Map Collection,1885,
https://mediacommons.unl.edu/luna/servlet/detail/RUMSEY~8~1~29079~1130184:Omaha-SW-,"Omaha City, Nebraska SW.",David Rumsey Historical Map Collection,1885,
https://mediacommons.unl.edu/luna/servlet/detail/RUMSEY~8~1~29078~1130183:Omaha-SE-,"Omaha City, Nebraska SE.",David Rumsey Historical Map Collection,1885,
https://mediacommons.unl.edu/luna/servlet/detail/RUMSEY~8~1~29077~1130182:Omaha-Central-,"Omaha City, Nebraska Central.",David Rumsey Historical Map Collection,1885,
https://mediacommons.unl.edu/luna/servlet/detail/RUMSEY~8~1~29076~1130181:Omaha-North-,"Omaha City, Nebraska North.",David Rumsey Historical Map Collection,1885,
"https://mediacommons.unl.edu/luna/servlet/detail/RUMSEY~8~1~29075~1130180:Waterloo,-Valley-","Waterloo, Valley, Nebraska",David Rumsey Historical Map Collection,1885,
https://mediacommons.unl.edu/luna/servlet/detail/RUMSEY~8~1~29069~1130166:Bennett-,"Bennett, Nebraska",David Rumsey Historical Map Collection,1885,
https://mediacommons.unl.edu/luna/servlet/detail/RUMSEY~8~1~29068~1130165:Lancaster-County-,"Lancaster County, Nebraska",David Rumsey Historical Map Collection,1885,
https://mediacommons.unl.edu/luna/servlet/detail/RUMSEY~8~1~29064~1130161:Keith-Co-,"Keith County, Nebraska",David Rumsey Historical Map Collection,1885,
https://mediacommons.unl.edu/luna/servlet/detail/RUMSEY~8~1~29063~1130160:Kearney-City-,"Kearney City, Nebraska",David Rumsey Historical Map Collection,1885,
https://mediacommons.unl.edu/luna/servlet/detail/RUMSEY~8~1~29061~1130158:Dawson-Co-,"Dawson County,  Nebraska",David Rumsey Historical Map Collection,1885,
https://mediacommons.unl.edu/luna/servlet/detail/RUMSEY~8~1~29059~1130156:Shelton-,"Shelton, Nebraska",David Rumsey Historical Map Collection,1885,
"https://mediacommons.unl.edu/luna/servlet/detail/RUMSEY~8~1~29057~1130154:Sioux,-Dawes,-Sheridan-counties-","Sioux, Dawes, Sheridan Counties",David Rumsey Historical Map Collection,1885,
https://mediacommons.unl.edu/luna/servlet/detail/RUMSEY~8~1~29056~1130153:Valley-County-,"Valley County, Nebraska",David Rumsey Historical Map Collection,1885,
https://mediacommons.unl.edu/luna/servlet/detail/RUMSEY~8~1~29055~1130152:Papillion-,"Papillion, Nebraska",David Rumsey Historical Map Collection,1885,
"https://mediacommons.unl.edu/luna/servlet/detail/RUMSEY~8~1~29054~1130151:Unorg--terr-,-Logan-Co-","Unorganized territory and Logan County, Nebraska",David Rumsey Historical Map Collection,1885,
"https://mediacommons.unl.edu/luna/servlet/detail/RUMSEY~8~1~29053~1130150:Bellevue,-La-Platte-","Bellevue, La Platte, Nebraska",David Rumsey Historical Map Collection,1885,
https://mediacommons.unl.edu/luna/servlet/detail/RUMSEY~8~1~29051~1130148:Sarpy-Co-,"Sarpy County, Nebraska",David Rumsey Historical Map Collection,1885,
"https://mediacommons.unl.edu/luna/servlet/detail/RUMSEY~8~1~29050~1130147:Loup,-Blaine,-Custer,-Logan-countie","Loup, Blaine and part of Custer, Logan counties, Nebraska",David Rumsey Historical Map Collection,1885,
https://mediacommons.unl.edu/luna/servlet/detail/RUMSEY~8~1~29049~1130146:Exeter-,Exeter.,David Rumsey Historical Map Collection,1885,
https://mediacommons.unl.edu/luna/servlet/detail/RUMSEY~8~1~29046~1130143:Fillmore-Co-,Fillmore Co.,David Rumsey Historical Map Collection,1885,
"https://mediacommons.unl.edu/luna/servlet/detail/RUMSEY~8~1~29045~1130142:Custer,-Logan-counties-","Custer, Logan counties",David Rumsey Historical Map Collection,1885,
https://mediacommons.unl.edu/luna/servlet/detail/RUMSEY~8~1~29044~1130141:Geneva-,Geneva.,David Rumsey Historical Map Collection,1885,
https://mediacommons.unl.edu/luna/servlet/detail/RUMSEY~8~1~29043~1130140:Sidney-,Sidney.,David Rumsey Historical Map Collection,1885,
https://mediacommons.unl.edu/luna/servlet/detail/RUMSEY~8~1~29042~1130139:Cheyenne-Co-,Cheyenne Co.,David Rumsey Historical Map Collection,1885,
https://mediacommons.unl.edu/luna/servlet/detail/RUMSEY~8~1~29041~1130138:Broken-Bow-,Broken Bow.,David Rumsey Historical Map Collection,1885,
https://mediacommons.unl.edu/luna/servlet/detail/RUMSEY~8~1~29040~1130137:Ainsworth-,Ainsworth.,David Rumsey Historical Map Collection,1885,
"https://mediacommons.unl.edu/luna/servlet/detail/RUMSEY~8~1~29039~1130136:Brown,-Keya-Paha-Co-",Brown & Keya Paha Co.,David Rumsey Historical Map Collection,1885,
"https://mediacommons.unl.edu/luna/servlet/detail/RUMSEY~8~1~29037~1130134:Peru,-Mt--Vernon-",Peru and Mt. Vernon.,David Rumsey Historical Map Collection,1885,
https://mediacommons.unl.edu/luna/servlet/detail/RUMSEY~8~1~29034~1130131:Nemaha-Co-,Nemaha Co.,David Rumsey Historical Map Collection,1885,
https://mediacommons.unl.edu/luna/servlet/detail/RUMSEY~8~1~29028~1130125:Salem-,Salem,David Rumsey Historical Map Collection,1885,
https://mediacommons.unl.edu/luna/servlet/detail/RUMSEY~8~1~29020~1130117:Friend-,Friend.,David Rumsey Historical Map Collection,1885,
https://mediacommons.unl.edu/luna/servlet/detail/RUMSEY~8~1~29019~1130116:Wilber-,Wilber.,David Rumsey Historical Map Collection,1885,
"https://mediacommons.unl.edu/luna/servlet/detail/RUMSEY~8~1~29018~1130115:Crete,-Saline-Co-","Crete, Saline Co.",David Rumsey Historical Map Collection,1885,
https://mediacommons.unl.edu/luna/servlet/detail/RUMSEY~8~1~29016~1130113:Saline-Co-,Saline Co.,David Rumsey Historical Map Collection,1885,
https://mediacommons.unl.edu/luna/servlet/detail/RUMSEY~8~1~29012~1130109:Gage-County-,Gage County.,David Rumsey Historical Map Collection,1885,
https://mediacommons.unl.edu/luna/servlet/detail/RUMSEY~8~1~29011~1130108:Lincoln-Co-,Lincoln Co.,David Rumsey Historical Map Collection,1885,
https://mediacommons.unl.edu/luna/servlet/detail/RUMSEY~8~1~29009~1130106:Beatrice-,"Beatrice, Gage County",David Rumsey Historical Map Collection,1885,
https://mediacommons.unl.edu/luna/servlet/detail/RUMSEY~8~1~29008~1130105:Blue-Springs-,Blue Springs,David Rumsey Historical Map Collection,1885,
https://mediacommons.unl.edu/luna/servlet/detail/RUMSEY~8~1~29004~1130101:Fairfield-,Fairfield,David Rumsey Historical Map Collection,1885,
https://mediacommons.unl.edu/luna/servlet/detail/RUMSEY~8~1~29003~1130100:Clay-Co-,Clay Co.,David Rumsey Historical Map Collection,1885,
https://mediacommons.unl.edu/luna/servlet/detail/RUMSEY~8~1~29001~113098:Harlan-County-,Harlan County.,David Rumsey Historical Map Collection,1885,
https://mediacommons.unl.edu/luna/servlet/detail/RUMSEY~8~1~28999~113096:Alma-,Alma,David Rumsey Historical Map Collection,1885,
https://mediacommons.unl.edu/luna/servlet/detail/RUMSEY~8~1~28996~113092:York-,York,David Rumsey Historical Map Collection,1885,
https://mediacommons.unl.edu/luna/servlet/detail/RUMSEY~8~1~28994~113090:David-City-,David City. ,David Rumsey Historical Map Collection,1885,
https://mediacommons.unl.edu/luna/servlet/detail/RUMSEY~8~1~28993~113089:Butler-County-,Butler County,David Rumsey Historical Map Collection,1885,
https://mediacommons.unl.edu/luna/servlet/detail/RUMSEY~8~1~28992~113088:Columbus-,Columbus.,David Rumsey Historical Map Collection,1885,
https://mediacommons.unl.edu/luna/servlet/detail/RUMSEY~8~1~28991~113087:Platte-Co-,Platte Co.,David Rumsey Historical Map Collection,1885,
https://mediacommons.unl.edu/luna/servlet/detail/RUMSEY~8~1~28990~113086:St--Helena-,St. Helena,David Rumsey Historical Map Collection,1885,
https://mediacommons.unl.edu/luna/servlet/detail/RUMSEY~8~1~28989~113085:Cedar-Co-,Cedar Co.,David Rumsey Historical Map Collection,1885,
https://mediacommons.unl.edu/luna/servlet/detail/RUMSEY~8~1~28988~113084:Seward-County-,Seward County,David Rumsey Historical Map Collection,1885,
https://mediacommons.unl.edu/luna/servlet/detail/RUMSEY~8~1~28983~113079:Polk-County,Polk County ,David Rumsey Historical Map Collection,1885,
https://mediacommons.unl.edu/luna/servlet/detail/RUMSEY~8~1~28982~113078:Merrick-County-,Merrick County,David Rumsey Historical Map Collection,1885,
https://mediacommons.unl.edu/luna/servlet/detail/RUMSEY~8~1~28981~113077:Stromsburg-,Stromsburg,David Rumsey Historical Map Collection,1885,
https://mediacommons.unl.edu/luna/servlet/detail/RUMSEY~8~1~28980~113076:Central-City-,Central City,David Rumsey Historical Map Collection,1885,
https://mediacommons.unl.edu/luna/servlet/detail/RUMSEY~8~1~28979~113075:Hebron-,Hebron,David Rumsey Historical Map Collection,1885,
https://mediacommons.unl.edu/luna/servlet/detail/RUMSEY~8~1~28977~113073:Webster-County-,Webster County,David Rumsey Historical Map Collection,1885,
https://mediacommons.unl.edu/luna/servlet/detail/RUMSEY~8~1~28976~113072:Fremont-,Fremont.,David Rumsey Historical Map Collection,1885,
https://mediacommons.unl.edu/luna/servlet/detail/RUMSEY~8~1~28974~113070:Red-Cloud-,Red Cloud.,David Rumsey Historical Map Collection,1885,
https://mediacommons.unl.edu/luna/servlet/detail/RUMSEY~8~1~28973~113069:Dodge-County-,Dodge County.,David Rumsey Historical Map Collection,1885,
https://mediacommons.unl.edu/luna/servlet/detail/RUMSEY~8~1~28972~113068:Pierce-,Pierce.,David Rumsey Historical Map Collection,1885,
https://mediacommons.unl.edu/luna/servlet/detail/RUMSEY~8~1~28968~113064:Nuckolls-County-,Nuckolls County.,David Rumsey Historical Map Collection,1885,
https://mediacommons.unl.edu/luna/servlet/detail/RUMSEY~8~1~28966~113062:Boone-Co-,"Boone County, Nebraska",David Rumsey Historical Map Collection,1885,
https://mediacommons.unl.edu/luna/servlet/detail/RUMSEY~8~1~28965~113061:Loup-City-,"Loup City, Nebraska",David Rumsey Historical Map Collection,1885,
https://mediacommons.unl.edu/luna/servlet/detail/RUMSEY~8~1~28960~113056:Saunders-County-,"Saunders County, Nebraska",David Rumsey Historical Map Collection,1885,
https://mediacommons.unl.edu/luna/servlet/detail/RUMSEY~8~1~28956~113052:Minden-,"Minden, Nebraska",David Rumsey Historical Map Collection,1885,
https://mediacommons.unl.edu/luna/servlet/detail/RUMSEY~8~1~28955~113051:Tecumseh-,"Tecumseh, Nebraska",David Rumsey Historical Map Collection,1885,
"https://mediacommons.unl.edu/luna/servlet/detail/RUMSEY~8~1~28952~113048:O-Neill,-Stuart-","O'Neill, Stuart, Nebraska",David Rumsey Historical Map Collection,1885,
https://mediacommons.unl.edu/luna/servlet/detail/RUMSEY~8~1~28951~113047:Holt-Co-,"Holt County, Nebraska",David Rumsey Historical Map Collection,1885,
https://mediacommons.unl.edu/luna/servlet/detail/RUMSEY~8~1~28950~113046:Ponca-,"Ponca, Nebraska",David Rumsey Historical Map Collection,1885,
https://mediacommons.unl.edu/luna/servlet/detail/RUMSEY~8~1~28949~113045:Dixon-Co-,"Dixon County, Nebraska",David Rumsey Historical Map Collection,1885,
https://mediacommons.unl.edu/luna/servlet/detail/RUMSEY~8~1~28948~113044:Plattsmouth-,"Plattsmouth, Nebraska",David Rumsey Historical Map Collection,1885,
https://mediacommons.unl.edu/luna/servlet/detail/RUMSEY~8~1~28945~113041:Cass-Co-,"Cass County, Nebraska",David Rumsey Historical Map Collection,1885,
"https://mediacommons.unl.edu/luna/servlet/detail/RUMSEY~8~1~28944~113040:Stanton,-Pilger-","Stanton, Pilger, Nebraska",David Rumsey Historical Map Collection,1885,
https://mediacommons.unl.edu/luna/servlet/detail/RUMSEY~8~1~28943~113039:Stanton-County-,"Stanton County, Nebraska",David Rumsey Historical Map Collection,1885,
https://mediacommons.unl.edu/luna/servlet/detail/RUMSEY~8~1~28942~113038:Phelps-County-,"Phelps County, Nebraska",David Rumsey Historical Map Collection,1885,
https://mediacommons.unl.edu/luna/servlet/detail/RUMSEY~8~1~28941~113037:Holdrege-,"Holdrege, Nebraska",David Rumsey Historical Map Collection,1885,
https://mediacommons.unl.edu/luna/servlet/detail/RUMSEY~8~1~28939~113035:Table-Rock-,"Table Rock, Nebraska",David Rumsey Historical Map Collection,1885,
https://mediacommons.unl.edu/luna/servlet/detail/RUMSEY~8~1~28936~113032:Nance-Co-,"Nance, County, Nebraska",David Rumsey Historical Map Collection,1885,
"https://mediacommons.unl.edu/luna/servlet/detail/RUMSEY~8~1~28934~113030:Fairbury,-Steele-City-","Fairbury, Steele City, Nebraska",David Rumsey Historical Map Collection,1885,
"https://mediacommons.unl.edu/luna/servlet/detail/RUMSEY~8~1~28932~113028:St--Paul,-Marquette,-St--Joe-","St. Paul, Marquette, St. Joe.",David Rumsey Historical Map Collection,1885,
"https://mediacommons.unl.edu/luna/servlet/detail/RUMSEY~8~1~28931~113027:Aurora,-Phillips,-Hampton-","Aurora, Phillips, Hampton, Nebraska",David Rumsey Historical Map Collection,1885,
https://mediacommons.unl.edu/luna/servlet/detail/RUMSEY~8~1~28928~113016:Dakota-Co-,"Dakota County, Nebraska",David Rumsey Historical Map Collection,1885,
"https://mediacommons.unl.edu/luna/servlet/detail/RUMSEY~8~1~28927~113015:Wayne,-Ft--Calhoun-","Wayne, Ft. Calhoun, Nebraska",David Rumsey Historical Map Collection,1885,
https://mediacommons.unl.edu/luna/servlet/detail/RUMSEY~8~1~28926~113014:Wayne-County-,"Wayne County, Nebraska",David Rumsey Historical Map Collection,1885,
"https://mediacommons.unl.edu/luna/servlet/detail/RUMSEY~8~1~28925~113013:Fontanelle,-Arlington-","Fontanelle, Arlington, Nebraska",David Rumsey Historical Map Collection,1885,
https://mediacommons.unl.edu/luna/servlet/detail/RUMSEY~8~1~28923~113011:Hastings-,"Hastings, Nebraska",David Rumsey Historical Map Collection,1885,
https://mediacommons.unl.edu/luna/servlet/detail/RUMSEY~8~1~28922~113010:Washington-Co-,"Washington County, Nebraska",David Rumsey Historical Map Collection,1885,
https://mediacommons.unl.edu/luna/servlet/detail/RUMSEY~8~1~28921~11309:Adams-County-,"Adams County, Nebraska",David Rumsey Historical Map Collection,1885,
"https://mediacommons.unl.edu/luna/servlet/detail/RUMSEY~8~1~28920~11308:Burt-County,-Neb-","Burt County, Nebraska",David Rumsey Historical Map Collection,1885,
"https://mediacommons.unl.edu/luna/servlet/detail/RUMSEY~8~1~28919~11307:Tekamah,-Oakland,-Lyons-","Tekamah, Oakland, Lyons, Nebraska",David Rumsey Historical Map Collection,1885,
"https://mediacommons.unl.edu/luna/servlet/detail/RUMSEY~8~1~28917~11305:Omaha,-Winnebago-reservation-lands-","Omaha, Winnebago reservation lands, Nebraska",David Rumsey Historical Map Collection,1885,
https://mediacommons.unl.edu/luna/servlet/detail/RUMSEY~8~1~28914~11302:Madison-County-,"Madison County, Nebraska",David Rumsey Historical Map Collection,1885,
https://mediacommons.unl.edu/luna/servlet/detail/RUMSEY~8~1~28226~1130176:Grand-Island-,"Grand Island, Nebraska",David Rumsey Historical Map Collection,1885,
https://mediacommons.unl.edu/luna/servlet/detail/RUMSEY~8~1~28225~1130175:Douglas-County-,"Douglas County, Nebrasaka",David Rumsey Historical Map Collection,1885,
https://mediacommons.unl.edu/luna/servlet/detail/RUMSEY~8~1~28223~1130173:Lincoln--South-,"Lincoln (South), Nebraska",David Rumsey Historical Map Collection,1885, 
https://mediacommons.unl.edu/luna/servlet/detail/RUMSEY~8~1~28220~1130170:Lincoln--North-,"Lincoln (North), Nebraska",David Rumsey Historical Map Collection,1885,
https://mediacommons.unl.edu/luna/servlet/detail/RUMSEY~8~1~28217~113023:Franklin-Co-,"Franklin County, Nebraska",David Rumsey Historical Map Collection,1885,
https://mediacommons.unl.edu/luna/servlet/detail/RUMSEY~8~1~28215~113021:Colfax-County-,"Colfax County, Nebraska",David Rumsey Historical Map Collection,1885,
https://mediacommons.unl.edu/luna/servlet/detail/RUMSEY~8~1~28213~113019:Antelope-Co-,"Antelope County, Nebraska",David Rumsey Historical Map Collection,1885,
https://mediacommons.unl.edu/luna/servlet/detail/RUMSEY~8~1~259920~5522783:Nebraska-,Nebraska,David Rumsey Historical Map Collection,1883,
"https://mediacommons.unl.edu/luna/servlet/detail/RUMSEY~8~1~259664~5522668:City-of-Lexington,-County-Seat-of-D","City of Lexington, County Seat of Dawson County, Nebraska.",David Rumsey Historical Map Collection,1904,
"https://mediacommons.unl.edu/luna/servlet/detail/RUMSEY~8~1~201691~3000658:AutoTrails-Map,-North-Dakota,-South","AutoTrails Map, North Dakota, South Dakota, Northern Nebraska, Eastern Montana, Eastern Wyoming, Western Minnesota.",David Rumsey Historical Map Collection,1924,
 https://mediacommons.unl.edu/luna/servlet/detail/RUMSEY~8~1~259541~5522579:Nebraska-,Nebraska,David Rumsey Historical Map Collection,1935,
https://mediacommons.unl.edu/luna/servlet/detail/RUMSEY~8~1~204700~3002258:Map-of-the-Fort-Ridgely-&-South-Pas,Map of the Fort Ridgely & South Pass Road.,David Rumsey Historical Map Collection,1859,
"https://mediacommons.unl.edu/luna/servlet/detail/RUMSEY~8~1~36469~1200811:Nebraska,-Kansas,-New-Mexico,-and-I","Nebraska, Kansas, New Mexico, and Indian Territories",David Rumsey Historical Map Collection,1859,
https://mediacommons.unl.edu/luna/servlet/detail/RUMSEY~8~1~305546~90075939:Map-of-the-territory-of-Dakota-and-,Map of the territory of Dakota and the states of Minnesota and Nebraska,David Rumsey Historical Map Collection,1871,
"https://mediacommons.unl.edu/luna/servlet/detail/RUMSEY~8~1~305442~90075779:Johnson-s-Nebraska,-Dakota,-Idaho,-","Johnson's Nebraska, Dakota, Idaho, Montana and Wyoming",David Rumsey Historical Map Collection,1865,
https://mediacommons.unl.edu/luna/servlet/detail/RUMSEY~8~1~305440~90075781:Johnson-s-Iowa-and-Nebraska,Johnson's Iowa and Nebraska,David Rumsey Historical Map Collection,1864,
https://mediacommons.unl.edu/luna/servlet/detail/RUMSEY~8~1~305439~90075782:Johnson-s-Kansas-and-Nebraska,Johnson's Kansas and Nebraska,David Rumsey Historical Map Collection,1870,
"https://mediacommons.unl.edu/luna/servlet/detail/RUMSEY~8~1~208712~5003440:Kansas,-and-Nebraska-and-Indian-Ter","Kansas, and Nebraska and Indian Territories.",David Rumsey Historical Map Collection,1865,
"https://mediacommons.unl.edu/luna/servlet/detail/RUMSEY~8~1~28742~1120965:Nebraska,-and-the-territories-of-Da","Nebraska, and the territories of Dakota, Idaho, Montana and Wyoming.",David Rumsey Historical Map Collection,1873,
https://mediacommons.unl.edu/luna/servlet/detail/RUMSEY~8~1~21082~600027:Nebraska-,Nebraska,David Rumsey Historical Map Collection,1874,
"https://mediacommons.unl.edu/luna/servlet/detail/RUMSEY~8~1~327894~90096444:49--Soil-Map,-Stanton-Sheet,-Nebras","49. Soil Map, Stanton Sheet, Nebraska.",David Rumsey Historical Map Collection,1903,
"https://mediacommons.unl.edu/luna/servlet/detail/RUMSEY~8~1~220271~5504968:Nebraska,-Dakota,-Colorado,-Idaho,-","Nebraska, Dakota, Colorado, Idaho, Kansas",David Rumsey Historical Map Collection,1864,
https://mediacommons.unl.edu/luna/servlet/detail/RUMSEY~8~1~220268~5505012:Iowa-And-Nebraska,Iowa And Nebraska,David Rumsey Historical Map Collection,1864,
"https://mediacommons.unl.edu/luna/servlet/detail/RUMSEY~8~1~30413~1140452:Kan-,-Neb-,-Colo-","Kansas, Nebraska, Colorado",David Rumsey Historical Map Collection,1870,
https://mediacommons.unl.edu/luna/servlet/detail/RUMSEY~8~1~288728~250028:Vereinigte-Staaten-Von-Nord-Amerika,"Vereinigte Staaten Von Nord-Amerika In 6 Blattern, Bl. 2.",David Rumsey Historical Map Collection,1875,
https://mediacommons.unl.edu/luna/servlet/detail/RUMSEY~8~1~269516~90043519:Nebraska,Nebraska,David Rumsey Historical Map Collection,1893,
https://mediacommons.unl.edu/luna/servlet/detail/RUMSEY~8~1~314989~90083884:Offutt-Air-Force-Base---Omaha-Nebra,Offutt Air Force Base : Omaha Nebraska : Vicinity map,David Rumsey Historical Map Collection,1952,
https://mediacommons.unl.edu/luna/servlet/detail/RUMSEY~8~1~314988~90083885:Offutt-Air-Force-Base---Omaha-Nebra,Offutt Air Force Base : Omaha Nebraska : Preliminary master plan,David Rumsey Historical Map Collection,1951,
https://mediacommons.unl.edu/luna/servlet/detail/RUMSEY~8~1~314979~90083894:Lincoln-Municipal-Airport---Lincoln,Lincoln Municipal Airport : Lincoln Nebraska : Vicinity map,David Rumsey Historical Map Collection,1951,
https://mediacommons.unl.edu/luna/servlet/detail/RUMSEY~8~1~314978~90083895:Lincoln-Municipal-Airport---Lincoln,Lincoln Municipal Airport : Lincoln Nebraska : Preliminary master plan,David Rumsey Historical Map Collection,1951,
"https://mediacommons.unl.edu/luna/servlet/detail/RUMSEY~8~1~23335~810024:Nebraska,-and-the-territories-of-Da","Nebraska, and the territories of Dakota, Idaho, Montana and Wyoming.",David Rumsey Historical Map Collection,1872,
https://mediacommons.unl.edu/luna/servlet/detail/RUMSEY~8~1~304381~90074938:Western-United-States-,Western United States,David Rumsey Historical Map Collection,1884,
https://mediacommons.unl.edu/luna/servlet/detail/RUMSEY~8~1~256886~5520619:Sectional-paved-road-map--Continues,"Sectional paved road map (Montana, North Dakota, Wyoming, Nebraska, Iowa)",David Rumsey Historical Map Collection,1927,
https://mediacommons.unl.edu/luna/servlet/detail/RUMSEY~8~1~256885~5520618:Sectional-paved-road-map--Continues,"Sectional paved road map (Nebraska, Iowa, Colorado, Kansas Missouri, Illinois, Texas, Oklahoma, Arkansas)",David Rumsey Historical Map Collection,1927,
https://mediacommons.unl.edu/luna/servlet/detail/RUMSEY~8~1~242372~5512952:A-New-Map-For-Travellers-Through-th,A New Map For Travellers Through the United States Of America,David Rumsey Historical Map Collection,1856,
https://mediacommons.unl.edu/luna/servlet/detail/RUMSEY~8~1~2515~310027:Iowa-And-Nebraska-,Iowa And Nebraska,David Rumsey Historical Map Collection,1860,
"https://mediacommons.unl.edu/luna/servlet/detail/RUMSEY~8~1~297536~90068837:County-map-of-Kansas,-Nebraska,-Col","County map of Kansas, Nebraska, Colorado, Utah and Wyoming",David Rumsey Historical Map Collection,1874,
https://mediacommons.unl.edu/luna/servlet/detail/RUMSEY~8~1~255~30111:Territory-of-Nebraska-,Territory of Nebraska,David Rumsey Historical Map Collection,1857,
https://mediacommons.unl.edu/luna/servlet/detail/RUMSEY~8~1~333198~90101358:Vereinigte-Staaten-Von-Nord-Amerika,"Vereinigte Staaten Von Nord-Amerika In 6 Blattern, Bl. 2.",David Rumsey Historical Map Collection,1875,
"https://mediacommons.unl.edu/luna/servlet/detail/RUMSEY~8~1~200401~3000337:-Nebraska,-Colorado--Railroad-Map-o","(Nebraska, Colorado) Railroad Map of the United States.",David Rumsey Historical Map Collection,1891,
"https://mediacommons.unl.edu/luna/servlet/detail/RUMSEY~8~1~327893~90096443:48--Soil-Map,-Grand-Island-Sheet,-N","48. Soil Map, Grand Island Sheet, Nebraska.",David Rumsey Historical Map Collection,1903,
https://mediacommons.unl.edu/luna/servlet/detail/RUMSEY~8~1~259669~5522670:Cozad--Eddyville--Darr-,Cozad. Eddyville. Darr.,David Rumsey Historical Map Collection,1904,
https://mediacommons.unl.edu/luna/servlet/detail/RUMSEY~8~1~259666~5522669:Gothenburg--Farnam-,Gothenburg. Farnam.,David Rumsey Historical Map Collection,1904,
https://mediacommons.unl.edu/luna/servlet/detail/RUMSEY~8~1~259663~5522667:Township-12-N--Range-XXV-W-,"Township 12 N. Range XXV W. (Dawson County, Neb.)",David Rumsey Historical Map Collection,1904,
https://mediacommons.unl.edu/luna/servlet/detail/RUMSEY~8~1~259662~5522666:Township-12-N--Range-XXIV-W-,"Township 12 N. Range XXIV W. (Dawson County, Neb.)",David Rumsey Historical Map Collection,1904,
https://mediacommons.unl.edu/luna/servlet/detail/RUMSEY~8~1~259661~5522665:Township-12-N--Range-XXIII-W-,"Township 12 N. Range XXIII W. (Dawson County, Neb.)",David Rumsey Historical Map Collection,1904,
https://mediacommons.unl.edu/luna/servlet/detail/RUMSEY~8~1~259660~5522664:Township-12-N--Range-XXII-W-,"Township 12 N. Range XXII W. (Dawson County, Neb.)",David Rumsey Historical Map Collection,1904,
https://mediacommons.unl.edu/luna/servlet/detail/RUMSEY~8~1~259659~5522663:Township-12-N--Range-XXI-W-,"Township 12 N. Range XXI W. (Dawson County, Neb.)",David Rumsey Historical Map Collection,1904,
https://mediacommons.unl.edu/luna/servlet/detail/RUMSEY~8~1~259658~5522662:Township-12-N--Range-XX-W-,"Township 12 N. Range XX W.(Dawson County, Neb.)",David Rumsey Historical Map Collection,1904,
https://mediacommons.unl.edu/luna/servlet/detail/RUMSEY~8~1~259657~5522661:Township-12-N--Range-XIX-W-,"Township 12 N. Range XIX W.(Dawson County, Neb.)",David Rumsey Historical Map Collection,1904,
https://mediacommons.unl.edu/luna/servlet/detail/RUMSEY~8~1~259656~5522660:Township-11-N--Range-XXV-W-,"Township 11 N. Range XXV W.(Dawson County, Neb.)",David Rumsey Historical Map Collection,1904,
https://mediacommons.unl.edu/luna/servlet/detail/RUMSEY~8~1~259655~5522659:Township-11-N--Range-XXIV-W-,"Township 11 N. Range XXIV W.  (Dawson County, Neb.)",David Rumsey Historical Map Collection,1904,
https://mediacommons.unl.edu/luna/servlet/detail/RUMSEY~8~1~259654~5522658:Township-11-N--Range-XXIII-W-,"Township 11 N. Range XXIII W.  (Dawson County, Neb.)",David Rumsey Historical Map Collection,1904,
https://mediacommons.unl.edu/luna/servlet/detail/RUMSEY~8~1~259653~5522657:Township-11-N--Range-XXII-W-,"Township 11 N. Range XXII W. (Dawson County, Neb.)",David Rumsey Historical Map Collection,1904,
https://mediacommons.unl.edu/luna/servlet/detail/RUMSEY~8~1~259652~5522656:Township-11-N--Range-XXI-W-,"Township 10 N. Range XXI W.(Dawson County, Neb.)",David Rumsey Historical Map Collection,1904,
https://mediacommons.unl.edu/luna/servlet/detail/RUMSEY~8~1~259651~5522655:Township-11-N--Range-XX-W-,"Township 11 N. Range XX W. (Dawson County, Neb.)",David Rumsey Historical Map Collection,1904,
https://mediacommons.unl.edu/luna/servlet/detail/RUMSEY~8~1~259650~5522654:Township-11-N--Range-XIX-W-,"Township 11 N. Range XIX W.  (Dawson County, Neb.)",David Rumsey Historical Map Collection,1904,
https://mediacommons.unl.edu/luna/servlet/detail/RUMSEY~8~1~259649~5522653:Township-10-N--Range-XXV-W-,"Township 10 N. Range XXV W (Dawson County, Neb.)",David Rumsey Historical Map Collection,1904,
https://mediacommons.unl.edu/luna/servlet/detail/RUMSEY~8~1~259648~5522652:Township-10-N--Range-XXIV-W-,"Township 10 N. Range XXIV W. (Dawson County, Neb.)",David Rumsey Historical Map Collection,1904,
https://mediacommons.unl.edu/luna/servlet/detail/RUMSEY~8~1~259647~5522651:Township-10-N--Range-XXIII-W-,"Township 10 N. Range XXIII W.(Dawson County, Neb.)",David Rumsey Historical Map Collection,1904,
https://mediacommons.unl.edu/luna/servlet/detail/RUMSEY~8~1~259646~5522650:Township-10-N--Range-XXII-W-," Township 10 N. Range XXII W. (Dawson County, Neb.)",David Rumsey Historical Map Collection,1904,
https://mediacommons.unl.edu/luna/servlet/detail/RUMSEY~8~1~259645~5522649:Township-10-N--Range-XXI-W-,"Township 10 N. Range XXI W. 9 (Dawson County, Neb.)",David Rumsey Historical Map Collection,1904,
https://mediacommons.unl.edu/luna/servlet/detail/RUMSEY~8~1~259644~5522648:Township-10-N--Range-XX-W-,"Township 10 N. Range XX W. (Dawson County, Neb.)",David Rumsey Historical Map Collection,1904,
https://mediacommons.unl.edu/luna/servlet/detail/RUMSEY~8~1~259643~5522647:Township-10-N--Range-XIX-W-,"Township 10 N. Range XIX W.  (Dawson County, Neb.)",David Rumsey Historical Map Collection,1904,
https://mediacommons.unl.edu/luna/servlet/detail/RUMSEY~8~1~259642~5522646:Township-9-N--Range-XXV-W-,"Township 9 N. Range XXV W. (Dawson County, Neb.)",David Rumsey Historical Map Collection,1904,
https://mediacommons.unl.edu/luna/servlet/detail/RUMSEY~8~1~259641~5522645:Township-9-N--Range-XXIV-W-,"Township 9 N. Range XXIV W. (Dawson County, Neb.)",David Rumsey Historical Map Collection,1904,
https://mediacommons.unl.edu/luna/servlet/detail/RUMSEY~8~1~259640~5522644:Township-9-N--Range-XXIII-W-,"Township 9 N. Range XXIII W. (Dawson County, Neb.)",David Rumsey Historical Map Collection,1904,
https://mediacommons.unl.edu/luna/servlet/detail/RUMSEY~8~1~259639~5522643:Township-9-N--Range-XXII-W-,"Township 9 N. Range XXII W. (Dawson County, Neb.)",David Rumsey Historical Map Collection,1904,
https://mediacommons.unl.edu/luna/servlet/detail/RUMSEY~8~1~259638~5522642:Township-9-N--Range-XXI-W-,"Township 9 N. Range XXI W. (Dawson County, Neb.)",David Rumsey Historical Map Collection,1904,
https://mediacommons.unl.edu/luna/servlet/detail/RUMSEY~8~1~259637~5522641:Township-9-N--&-Part-of-Township-8-,"Township 9 N. & Part of Township 8 N. Range XX W. (Dawson County, Neb.)",David Rumsey Historical Map Collection,1904,
https://mediacommons.unl.edu/luna/servlet/detail/RUMSEY~8~1~259633~5522640:Township-9-N--&-Part-of-Township-8-,"Township 9 N. & Part of Township 8 N. Range XIX W. Willow Island. Overton. Sumner. (Dawson County, Neb.)",David Rumsey Historical Map Collection,1904,
"https://mediacommons.unl.edu/luna/servlet/detail/RUMSEY~8~1~33780~1171496:Chicago,-Omaha,-Kansas-City-","Chicago, Omaha, Kansas City",David Rumsey Historical Map Collection,1927,
https://mediacommons.unl.edu/luna/servlet/detail/RUMSEY~8~1~204730~3002263:Map-of-the-Wagon-Road-from-Platte-R,Map of the Wagon-Road from Platte River via Omaha Reserve and Dakota City to Running Water River.,David Rumsey Historical Map Collection,1858,
https://mediacommons.unl.edu/luna/servlet/detail/UNL~58~58~293~1250166:Maps--Architecture-Visual-Resources,Acquisition map,Maps (Architecture Visual Resources Collection),2010,
https://mediacommons.unl.edu/luna/servlet/detail/UNL~58~58~290~1250167:Maps--Architecture-Visual-Resources,Basic tax base of Nebraska counties,Maps (Architecture Visual Resources Collection),2010,
https://mediacommons.unl.edu/luna/servlet/detail/UNL~58~58~292~1250168:Maps--Architecture-Visual-Resources,"Constuction payroll, Nebraska",Maps (Architecture Visual Resources Collection),2010,
https://mediacommons.unl.edu/luna/servlet/detail/UNL~58~58~291~1250169:Maps--Architecture-Visual-Resources,"Cropland and grassland, Nebraska",Maps (Architecture Visual Resources Collection),2010,
https://mediacommons.unl.edu/luna/servlet/detail/UNL~23~23~6835~1354340,Bird's eye map of Lincoln (1874),Nebraska Architecture,,
https://mediacommons.unl.edu/luna/servlet/detail/UNL~23~23~6858~1354345,Bird's eye map of Lincoln (1885),Nebraska Architecture,,
https://mediacommons.unl.edu/luna/servlet/detail/UNL~23~23~6840~1354354,First plat map (1867),Nebraska Architecture,,
https://mediacommons.unl.edu/luna/servlet/detail/UNL~126~126~14448~1516105,Allen Parcel Map and GPS Points,Nebraska's Eastern Saline Wetlands,,NRD_GPS_038.pdf
https://mediacommons.unl.edu/luna/servlet/detail/UNL~126~126~14449~1516057,Allen Parcel Maps,Nebraska's Eastern Saline Wetlands,,NRD_MAPS_078.pdf
https://mediacommons.unl.edu/luna/servlet/detail/UNL~126~126~8613~1510901,Block Diagram of Geology,Nebraska's Eastern Saline Wetlands,,NRD_WSW_053.jpg
https://mediacommons.unl.edu/luna/servlet/detail/UNL~126~126~14430~1516059,Frank Shoemaker Marsh Aerial,Nebraska's Eastern Saline Wetlands,,NRD_MAPS_077.pdf
https://mediacommons.unl.edu/luna/servlet/detail/UNL~126~126~14157~1515834,Future Urban Parks,Nebraska's Eastern Saline Wetlands,,NRD_MAPS_027.jpg
https://mediacommons.unl.edu/luna/servlet/detail/UNL~126~126~14159~1515832,Historic,Nebraska's Eastern Saline Wetlands,,NRD_MAPS_029.jpg
https://mediacommons.unl.edu/luna/servlet/detail/UNL~126~126~14452~1516055,Little Salt Creek Map,Nebraska's Eastern Saline Wetlands,,NRD_MAPS_079.pdf
https://mediacommons.unl.edu/luna/servlet/detail/UNL~126~126~14443~1516051,Little Salt Creek Map,Nebraska's Eastern Saline Wetlands,,NRD_MAPS_081.pdf
https://mediacommons.unl.edu/luna/servlet/detail/UNL~126~126~14407~1516147,Little Salt Fork Marsh Preserve Map and Field Notes,Nebraska's Eastern Saline Wetlands,,NRD_GPS_017.pdf
https://mediacommons.unl.edu/luna/servlet/detail/UNL~126~126~14408~1516145,Little Salt Fork Marsh Preserve Map and GPS Points,Nebraska's Eastern Saline Wetlands,,NRD_GPS_018.pdf
https://mediacommons.unl.edu/luna/servlet/detail/UNL~126~126~14180~1515811?qvq=q:Little%20Salt%20Creek%20Map;lc:UNL~126~126&mi=46&trs=55,Non-Watershed,Nebraska's Eastern Saline Wetlands,,NRD_MAPS_050.jpg
https://mediacommons.unl.edu/luna/servlet/detail/UNL~126~126~14174~1515817,Recreation,Nebraska's Eastern Saline Wetlands,,NRD_MAPS_044.jpg
https://mediacommons.unl.edu/luna/servlet/detail/UNL~126~126~14467~1516185,Rock Creek,Nebraska's Eastern Saline Wetlands,,NRD_MAPS_065.pdf
https://mediacommons.unl.edu/luna/servlet/detail/UNL~126~126~14388~1516077,Saline Wetland Areas,Nebraska's Eastern Saline Wetlands,,NRD_MAPS_068.pdf
https://mediacommons.unl.edu/luna/servlet/detail/UNL~126~126~14165~1515826,Salt-Wahoo Watershed Basin,Nebraska's Eastern Saline Wetlands,,NRD_MAPS_035.jpg
https://mediacommons.unl.edu/luna/servlet/detail/UNL~126~126~14416~1516061,Upper Little Salt Springs WMA Aerials,Nebraska's Eastern Saline Wetlands,,NRD_MAPS_076.pdf
https://mediacommons.unl.edu/luna/servlet/detail/UNL~126~126~14160~1515831,Watersheds,Nebraska's Eastern Saline Wetlands,,NRD_MAPS_030.jpg