Title,Description,Originator,Date_Issued,Geom_type,West,East,North,South,Format,Thumbnail,Keywords
Pennsylvania Spatial Data Access | Full Metadata,undefined,undefined,undefined,undefined,undefined,undefined,undefined,undefined,undefined,undefined,[]
Pennsylvania Spatial Data Access | Full Metadata,undefined,undefined,undefined,undefined,undefined,undefined,undefined,undefined,undefined,undefined,[]
Pennsylvania Spatial Data Access | Full Metadata,undefined,undefined,undefined,undefined,undefined,undefined,undefined,undefined,undefined,undefined,[]
Pennsylvania Spatial Data Access | Full Metadata,undefined,undefined,undefined,undefined,undefined,undefined,undefined,undefined,undefined,undefined,[]
Pennsylvania Spatial Data Access | Full Metadata,undefined,undefined,undefined,undefined,undefined,undefined,undefined,undefined,undefined,undefined,[]
Pennsylvania Spatial Data Access | Full Metadata,undefined,undefined,undefined,undefined,undefined,undefined,undefined,undefined,undefined,undefined,[]
Pennsylvania Spatial Data Access | Full Metadata,undefined,undefined,undefined,undefined,undefined,undefined,undefined,undefined,undefined,undefined,[]
Pennsylvania Spatial Data Access | Full Metadata,undefined,undefined,undefined,undefined,undefined,undefined,undefined,undefined,undefined,undefined,[]
Pennsylvania Spatial Data Access | Full Metadata,undefined,undefined,undefined,undefined,undefined,undefined,undefined,undefined,undefined,undefined,[]
Pennsylvania Spatial Data Access | Full Metadata,undefined,undefined,undefined,undefined,undefined,undefined,undefined,undefined,undefined,undefined,[]
Pennsylvania Spatial Data Access | Full Metadata,undefined,undefined,undefined,undefined,undefined,undefined,undefined,undefined,undefined,undefined,[]
Pennsylvania Spatial Data Access | Full Metadata,undefined,undefined,undefined,undefined,undefined,undefined,undefined,undefined,undefined,undefined,[]
Pennsylvania Spatial Data Access | Full Metadata,undefined,undefined,undefined,undefined,undefined,undefined,undefined,undefined,undefined,undefined,[]
Pennsylvania Spatial Data Access | Full Metadata,undefined,undefined,undefined,undefined,undefined,undefined,undefined,undefined,undefined,undefined,[]
Pennsylvania Spatial Data Access | Full Metadata,undefined,undefined,undefined,undefined,undefined,undefined,undefined,undefined,undefined,undefined,[]
Pennsylvania Spatial Data Access | Full Metadata,undefined,undefined,undefined,undefined,undefined,undefined,undefined,undefined,undefined,undefined,[]
Pennsylvania Spatial Data Access | Full Metadata,undefined,undefined,undefined,undefined,undefined,undefined,undefined,undefined,undefined,undefined,[]
Pennsylvania Spatial Data Access | Full Metadata,undefined,undefined,undefined,undefined,undefined,undefined,undefined,undefined,undefined,undefined,[]
Pennsylvania Spatial Data Access | Full Metadata,undefined,undefined,undefined,undefined,undefined,undefined,undefined,undefined,undefined,undefined,[]
Pennsylvania Spatial Data Access | Full Metadata,undefined,undefined,undefined,undefined,undefined,undefined,undefined,undefined,undefined,undefined,[]
Pennsylvania Spatial Data Access | Full Metadata,undefined,undefined,undefined,undefined,undefined,undefined,undefined,undefined,undefined,undefined,[]
Pennsylvania Spatial Data Access | Full Metadata,undefined,undefined,undefined,undefined,undefined,undefined,undefined,undefined,undefined,undefined,[]
Pennsylvania Spatial Data Access | Full Metadata,undefined,undefined,undefined,undefined,undefined,undefined,undefined,undefined,undefined,undefined,[]
Pennsylvania Spatial Data Access | Full Metadata,undefined,undefined,undefined,undefined,undefined,undefined,undefined,undefined,undefined,undefined,[]
Pennsylvania Spatial Data Access | Full Metadata,undefined,undefined,undefined,undefined,undefined,undefined,undefined,undefined,undefined,undefined,[]
Pennsylvania Spatial Data Access | Full Metadata,undefined,undefined,undefined,undefined,undefined,undefined,undefined,undefined,undefined,undefined,[]
Pennsylvania Spatial Data Access | Full Metadata,undefined,undefined,undefined,undefined,undefined,undefined,undefined,undefined,undefined,undefined,[]
Pennsylvania Spatial Data Access | Full Metadata,undefined,undefined,undefined,undefined,undefined,undefined,undefined,undefined,undefined,undefined,[]
