identifier,title,description,issued,landingPage
https://datacatalog.cookcountyil.gov/api/views/e9gq-iquy,ccgisdata - Address Points for Area 16 (2016),"This Address Point feature class contains one point for every address in Survey Township 16 (Township 39 N, Range 13 E; see ccgisdata - Survey Township (Area) 2014).",2016-05-11,https://datacatalog.cookcountyil.gov/d/e9gq-iquy,https://datacatalog.cookcountyil.gov/api/views/e9gq-iquy
https://datacatalog.cookcountyil.gov/api/views/2df4-kwbu,ccgisdata - Park Tax Dist 2016,Park Taxing Districts within Cook County,2017-11-30,https://datacatalog.cookcountyil.gov/d/2df4-kwbu,https://datacatalog.cookcountyil.gov/api/views/2df4-kwbu
https://datacatalog.cookcountyil.gov/api/views/yfrq-5u2e,ccgisdata - Unincorporated Zoning by Parcel 2014,"This is a Cook County Feature class of Unincorporated Zoning District Boundaries by parcel.  This data is provided by the Cook County Dept. Of Building and Zoning and is maintained by the Cook County Zoning Board of Appeals.
Only unincorporated district boundaries are available, please contact specific municipalities for questions regarding incorporated municipal zoning districts.",2014-12-23,https://datacatalog.cookcountyil.gov/d/yfrq-5u2e,https://datacatalog.cookcountyil.gov/api/views/yfrq-5u2e
https://datacatalog.cookcountyil.gov/api/views/dagh-zphu,ccgisdata - High School Tax Dist 2015,High School Taxing Districts in Cook County,2017-11-13,https://datacatalog.cookcountyil.gov/d/dagh-zphu,https://datacatalog.cookcountyil.gov/api/views/dagh-zphu
https://datacatalog.cookcountyil.gov/api/views/qjpe-upap,ccgisdata - Lot 2013,The feature class LOT contains lot polygons as shown on the tax map.,2015-12-14,https://datacatalog.cookcountyil.gov/d/qjpe-upap,https://datacatalog.cookcountyil.gov/api/views/qjpe-upap
https://datacatalog.cookcountyil.gov/api/views/ihae-id2m,Cook County Commissioner District Map,Cook County Commissioner District Map,2015-07-24,https://datacatalog.cookcountyil.gov/d/ihae-id2m,https://datacatalog.cookcountyil.gov/api/views/ihae-id2m
https://datacatalog.cookcountyil.gov/api/views/c7pv-dy44,Public Health District Boundaries,"Cook County Department of Public Health Suburban Cook County District boundaries. This dataset contains municipal and township boundaries for Suburban Cook County with attributes designating what CCDPH district the area is in. The names in the ""DISTRICT"" field can be used to join with other Public Health Open Datasets on this portal. The ""CCDPHJURIS"" field states whether the area is part of CCDPH Jurisdiction.",2017-04-14,https://datacatalog.cookcountyil.gov/d/c7pv-dy44,https://datacatalog.cookcountyil.gov/api/views/c7pv-dy44
https://datacatalog.cookcountyil.gov/api/views/vswv-u8be,ccgisdata - Lot 2016,The feature class LOT contains lot polygons as shown on the tax map.,2017-11-30,https://datacatalog.cookcountyil.gov/d/vswv-u8be,https://datacatalog.cookcountyil.gov/api/views/vswv-u8be
https://datacatalog.cookcountyil.gov/api/views/239w-pnii,ccgisdata - Unit School Tax Districts 2014,Unit School Taxing Districts in Cook County,2015-12-15,https://datacatalog.cookcountyil.gov/d/239w-pnii,https://datacatalog.cookcountyil.gov/api/views/239w-pnii
https://datacatalog.cookcountyil.gov/api/views/g4rv-8w9m,ccgisdata - Railroad 2014,"The railroad feature data layer depicts the location of railroad tracks (including single and multiple line tracks, railyards, and spurs) and railroad stations in Cook County, Illinois.",2014-08-18,https://datacatalog.cookcountyil.gov/d/g4rv-8w9m,https://datacatalog.cookcountyil.gov/api/views/g4rv-8w9m
https://datacatalog.cookcountyil.gov/api/views/f42p-dbfm,ccgisdata - Parcel 2005,The Parcel 2005 feature contains tax parcel polygons for the 2005 property tax assessment at the County. This feature reflects tax parcel polygons as they existed from 1/1/2005 through 12/31/2005. Each parcel is uniquely identified with a Property Index Number (PIN).,2016-03-31,https://datacatalog.cookcountyil.gov/d/f42p-dbfm,https://datacatalog.cookcountyil.gov/api/views/f42p-dbfm
https://datacatalog.cookcountyil.gov/api/views/e62c-6rz8,ccgisdata - Parcel 2012,The Parcel 2012 feature contains tax parcel polygons for the 2012 property tax assessment at the County. This feature reflects tax parcel polygons as they existed from 1/1/2012 through 12/31/2012. Each parcel is uniquely identified with a Property Index Number (PIN).,2014-03-07,https://datacatalog.cookcountyil.gov/d/e62c-6rz8,https://datacatalog.cookcountyil.gov/api/views/e62c-6rz8
https://datacatalog.cookcountyil.gov/api/views/angb-d97z,ccgisdata - Unit School Tax Districts 2015,Unit School Taxing Districts in Cook County,2017-11-13,https://datacatalog.cookcountyil.gov/d/angb-d97z,https://datacatalog.cookcountyil.gov/api/views/angb-d97z
https://datacatalog.cookcountyil.gov/api/views/y8sv-9wex,ccgisdata - Elementary School Tax District 2015,Elementary School Taxing Districts in Cook County,2017-11-13,https://datacatalog.cookcountyil.gov/d/y8sv-9wex,https://datacatalog.cookcountyil.gov/api/views/y8sv-9wex
https://datacatalog.cookcountyil.gov/api/views/3wb8-2she,ccgisdata - Parcel 2002,The Parcel 2002 feature contains tax parcel polygons for the 2002 property tax assessment at the County. This feature reflects tax parcel polygons as they existed from 1/1/2002 through 12/31/2002. Each parcel is uniquely identified with a Property Index Number (PIN).,2016-03-31,https://datacatalog.cookcountyil.gov/d/3wb8-2she,https://datacatalog.cookcountyil.gov/api/views/3wb8-2she
https://datacatalog.cookcountyil.gov/api/views/x5rt-4k77,ccgisdata - Hospital Boundary 2014,"The purpose of this dataset is to indicate the boundary of each hospital in Cook County, Illinois.",2014-02-28,https://datacatalog.cookcountyil.gov/d/x5rt-4k77,https://datacatalog.cookcountyil.gov/api/views/x5rt-4k77
https://datacatalog.cookcountyil.gov/api/views/xs8n-z2vy,ccgisdata - PLSS Line 2014,"The County's system of tax maps is based on the Illinois Public Land Survey System (PLSS). In the PLSS, each township is divided into 36 sections, and each section into four quarter-sections. A quarter-section is further divided into two tax map sheets, often called ""pages"". Each tax map (1/4 mile by 1/2 mile) represents the east or west half of one quarter-section, and typically there are eight tax maps per section.",2014-01-31,https://datacatalog.cookcountyil.gov/d/xs8n-z2vy,https://datacatalog.cookcountyil.gov/api/views/xs8n-z2vy
https://datacatalog.cookcountyil.gov/api/views/y5p9-c2pm,ccgisdata - Elementary School Tax District 2013,Elementary School Taxing Districts in Cook County,2015-12-14,https://datacatalog.cookcountyil.gov/d/y5p9-c2pm,https://datacatalog.cookcountyil.gov/api/views/y5p9-c2pm
https://datacatalog.cookcountyil.gov/api/views/5dup-xpsj,ccgisdata - Tax Increment Financing (TIF) Districts 2016,"TIF District boundaries. TIF districts receive money from property taxes by utilizing increases in the value of properties located in the TIF. There is no tax rate for TIF districts. Instead, TIFs receive money based on tax rates generated by other districts? tax levies. Money is allocated to the TIF based on the composite tax rate for properties in the TIF and the incremental value of properties in that TIF (when compared to values when the TIF was established.)",2017-07-20,https://datacatalog.cookcountyil.gov/d/5dup-xpsj,https://datacatalog.cookcountyil.gov/api/views/5dup-xpsj
https://datacatalog.cookcountyil.gov/api/views/8emr-9ndy,ccgisdata - Park Point 2014,"Point features of parks in Cook County, Illinois. A park point feature is based upon the centroid of the complete property boundary of a park polygon feature.",2014-04-02,https://datacatalog.cookcountyil.gov/d/8emr-9ndy,https://datacatalog.cookcountyil.gov/api/views/8emr-9ndy
https://datacatalog.cookcountyil.gov/api/views/jh56-md8x,ccgisdata - Congressional District 2010,U.S. Congressional Districts based on Census 2010,2014-06-02,https://datacatalog.cookcountyil.gov/d/jh56-md8x,https://datacatalog.cookcountyil.gov/api/views/jh56-md8x
https://datacatalog.cookcountyil.gov/api/views/mqn9-4wmy,ccgisdata - Address Points for Area 22 (2016),"This Address Point feature class contains one point for every address in Survey Township 22 (Township 37 N, Range 11 E; see ccgisdata - Survey Township (Area) 2014).",2016-05-12,https://datacatalog.cookcountyil.gov/d/mqn9-4wmy,https://datacatalog.cookcountyil.gov/api/views/mqn9-4wmy
https://datacatalog.cookcountyil.gov/api/views/jgg3-4k3y,ccgisdata - Water Drainage Tax Dist 2012,Water drainage Taxing Districts in Cook County,2014-03-10,https://datacatalog.cookcountyil.gov/d/jgg3-4k3y,https://datacatalog.cookcountyil.gov/api/views/jgg3-4k3y
https://datacatalog.cookcountyil.gov/api/views/8g58-nsrm,ccgisdata - Political Township 2012,Political Townships in Cook County,2014-04-10,https://datacatalog.cookcountyil.gov/d/8g58-nsrm,https://datacatalog.cookcountyil.gov/api/views/8g58-nsrm
https://datacatalog.cookcountyil.gov/api/views/cj55-yk65,ccgisdata - Election Precinct Data 2009,"This data includes 2009 precincts used for all elections 2010 thru 2011. The purpose of the feature class is to describe and locate election precincts in Cook County, Illinois for general use by the public and business requirements of the Cook County Election Department, the Clerk's Office, and the Illinois Board of Elections.",2016-07-15,https://datacatalog.cookcountyil.gov/d/cj55-yk65,https://datacatalog.cookcountyil.gov/api/views/cj55-yk65
https://datacatalog.cookcountyil.gov/api/views/si4i-nrtg,ccgisdata - Tax Increment Financing (TIF) Districts 2015,"TIF District boundaries. TIF districts receive money from property taxes by utilizing increases in the value of properties located in the TIF. There is no tax rate for TIF districts. Instead, TIFs receive money based on tax rates generated by other districts? tax levies. Money is allocated to the TIF based on the composite tax rate for properties in the TIF and the incremental value of properties in that TIF (when compared to values when the TIF was established.)",2016-08-09,https://datacatalog.cookcountyil.gov/d/si4i-nrtg,https://datacatalog.cookcountyil.gov/api/views/si4i-nrtg
https://datacatalog.cookcountyil.gov/api/views/5jkw-uax5,ccgisdata - Library Tax Dist 2013,Library Taxing Districts in Cook County,2015-12-14,https://datacatalog.cookcountyil.gov/d/5jkw-uax5,https://datacatalog.cookcountyil.gov/api/views/5jkw-uax5
https://datacatalog.cookcountyil.gov/api/views/ntax-x2zf,ccgisdata - Address Points for Area 24 (2016),"This Address Point feature class contains one point for every address in Survey Township 24 (Township 37 N, Range 13 E; see ccgisdata - Survey Township (Area) 2014).",2016-05-12,https://datacatalog.cookcountyil.gov/d/ntax-x2zf,https://datacatalog.cookcountyil.gov/api/views/ntax-x2zf
https://datacatalog.cookcountyil.gov/api/views/2jzk-ykwe,ccgisdata - Cook County Cooling Centers 2018,"Municipalities around Cook County have opened cooling centers for area residents as temperatures start to rise. Residents who need to seek shelter should contact the center first to verify it is open. This dataset will be no longer updated on May 1, 2019. Please refer to this link for future updates: https://datacatalog.cookcountyil.gov/dataset/Cook-County-Cooling-Centers-Map/dnn9-esge",2018-06-11,https://datacatalog.cookcountyil.gov/d/2jzk-ykwe,https://datacatalog.cookcountyil.gov/api/views/2jzk-ykwe
https://datacatalog.cookcountyil.gov/api/views/vsce-sdq2,ccgisdata - Hospital Point 2014,"The purpose of this dataset is to indicate a central location within (when a single feature) or among all the polygons (when a multi-part feature) that constitute that complete cultural feature area of each hospital in Cook County, Illinois.",2014-02-28,https://datacatalog.cookcountyil.gov/d/vsce-sdq2,https://datacatalog.cookcountyil.gov/api/views/vsce-sdq2
https://datacatalog.cookcountyil.gov/api/views/58jc-nkxf,ccgisdata - Right-of-Way 2013,The feature class Right-of-Way indicates tax exempt rights-of-way digitized from recorded plats.,2015-12-14,https://datacatalog.cookcountyil.gov/d/58jc-nkxf,https://datacatalog.cookcountyil.gov/api/views/58jc-nkxf
https://datacatalog.cookcountyil.gov/api/views/uhv8-ar4p,ccgisdata - Address Points for Area 21 (2016),"This Address Point feature class contains one point for every address in Survey Township 21 (Township 38 N, Range 15 E; see ccgisdata - Survey Township (Area) 2014).",2016-05-12,https://datacatalog.cookcountyil.gov/d/uhv8-ar4p,https://datacatalog.cookcountyil.gov/api/views/uhv8-ar4p
https://datacatalog.cookcountyil.gov/api/views/vx2u-6dxj,ccgisdata - Commissioner Districts - Archived,"The purpose of this dataset is to indicate the boundary of each Commissioner district in Cook County, Illinois. These boundaries are based off of Census 2010 geographies, were adopted June 2012 and went into effect in December 2014 following the County Commissioner elections.",2014-05-30,https://datacatalog.cookcountyil.gov/d/vx2u-6dxj,https://datacatalog.cookcountyil.gov/api/views/vx2u-6dxj
https://datacatalog.cookcountyil.gov/api/views/r43b-5ipg,ccgisdata - Park Tax Dist 2015,Park Taxing Districts within Cook County,2017-11-13,https://datacatalog.cookcountyil.gov/d/r43b-5ipg,https://datacatalog.cookcountyil.gov/api/views/r43b-5ipg
https://datacatalog.cookcountyil.gov/api/views/egxy-cjyk,ccgisdata - Fire Protection Tax Dist 2016,Fire Protection Taxing Districts in Cook County,2017-11-30,https://datacatalog.cookcountyil.gov/d/egxy-cjyk,https://datacatalog.cookcountyil.gov/api/views/egxy-cjyk
https://datacatalog.cookcountyil.gov/api/views/q6ik-zx2p,ccgisdata - Address Points for Area 32 (2016),"This Address Point feature class contains one point for every address in Survey Township 32 (Township 35 N, Range 14 E; see ccgisdata - Survey Township (Area) 2014).",2016-05-12,https://datacatalog.cookcountyil.gov/d/q6ik-zx2p,https://datacatalog.cookcountyil.gov/api/views/q6ik-zx2p
https://datacatalog.cookcountyil.gov/api/views/9u3u-ac9c,ccgisdata - Parcel 2011,The Parcel 2011 feature contains tax parcel polygons for the 2011 property tax assessment at the County. This feature reflects tax parcel polygons as they existed from 1/1/2011 through 12/31/2011. Each parcel is uniquely identified with a Property Index Number (PIN).,2016-03-10,https://datacatalog.cookcountyil.gov/d/9u3u-ac9c,https://datacatalog.cookcountyil.gov/api/views/9u3u-ac9c
https://datacatalog.cookcountyil.gov/api/views/mqsd-unjm,ccgisdata - Address Points for Area 31 (2016),"This Address Point feature class contains one point for every address in Survey Township 31 (Township 35 N, Range 13 E; see ccgisdata - Survey Township (Area) 2014).",2016-05-12,https://datacatalog.cookcountyil.gov/d/mqsd-unjm,https://datacatalog.cookcountyil.gov/api/views/mqsd-unjm
https://datacatalog.cookcountyil.gov/api/views/b83i-7zxa,ccgisdata - Address Points for Area 18 (2016),"This Address Point feature class contains one point for every address in Survey Township 18 (Township 38 N, Range 12 E; see ccgisdata - Survey Township (Area) 2014).",2016-05-11,https://datacatalog.cookcountyil.gov/d/b83i-7zxa,https://datacatalog.cookcountyil.gov/api/views/b83i-7zxa
https://datacatalog.cookcountyil.gov/api/views/7rcp-cifk,ccgisdata - Address Points for Area 14 (2016),"This Address Point feature class contains one point for every address in Survey Township 14 (Township 40 N, Range 14 E; see ccgisdata - Survey Township (Area) 2014).",2016-05-11,https://datacatalog.cookcountyil.gov/d/7rcp-cifk,https://datacatalog.cookcountyil.gov/api/views/7rcp-cifk
https://datacatalog.cookcountyil.gov/api/views/kpef-5dtn,ccgisdata - Lakes and Rivers 2015,The Lakes and Rivers hydrographic polygon data layer was created to accurately depict the location and shape of flowing water features greater than five feet in width and major standing water bodies in Cook County.,2015-07-09,https://datacatalog.cookcountyil.gov/d/kpef-5dtn,https://datacatalog.cookcountyil.gov/api/views/kpef-5dtn
https://datacatalog.cookcountyil.gov/api/views/p5v4-ncme,ccgisdata - Elementary School Tax District 2014,Elementary School Taxing Districts in Cook County,2015-12-11,https://datacatalog.cookcountyil.gov/d/p5v4-ncme,https://datacatalog.cookcountyil.gov/api/views/p5v4-ncme
https://datacatalog.cookcountyil.gov/api/views/7iyt-i4z4,ccgisdata - Board of Review District 2010,Board of Review District based on 2010 census.,2014-06-02,https://datacatalog.cookcountyil.gov/d/7iyt-i4z4,https://datacatalog.cookcountyil.gov/api/views/7iyt-i4z4
https://datacatalog.cookcountyil.gov/api/views/uvx8-ftf4,ccgisdata - Political Township 2016,Political Townships in Cook County,2017-11-30,https://datacatalog.cookcountyil.gov/d/uvx8-ftf4,https://datacatalog.cookcountyil.gov/api/views/uvx8-ftf4
https://datacatalog.cookcountyil.gov/api/views/an6r-bw5a,ccgisdata - Elementary School Tax District 2016,Elementary School Taxing Districts in Cook County,2017-11-30,https://datacatalog.cookcountyil.gov/d/an6r-bw5a,https://datacatalog.cookcountyil.gov/api/views/an6r-bw5a
https://datacatalog.cookcountyil.gov/api/views/ppqn-4xhq,ccgisdata - School Point 2014,"The purpose of this dataset is to indicate a central location within (when a single feature) or among all the polygons (when a multi-part feature) that constitute that complete cultural feature area of each school in Cook County, Illinois.",2014-02-28,https://datacatalog.cookcountyil.gov/d/ppqn-4xhq,https://datacatalog.cookcountyil.gov/api/views/ppqn-4xhq
https://datacatalog.cookcountyil.gov/api/views/a33b-b59u,ccgisdata - Parcels 2016,The Parcel 2016 feature contains tax parcel polygons for the 2016 property tax assessment at the County. This feature reflects tax parcel polygons as they existed from 1/1/2016 through 12/31/2016. Each parcel is uniquely identified with a Property Index Number (PIN).,2017-11-07,https://datacatalog.cookcountyil.gov/d/a33b-b59u,https://datacatalog.cookcountyil.gov/api/views/a33b-b59u
https://datacatalog.cookcountyil.gov/api/views/6ney-zqpx,ccgisdata - Sanitary Tax Dist 2016,Sanitary Taxing Districts within Cook County,2017-11-30,https://datacatalog.cookcountyil.gov/d/6ney-zqpx,https://datacatalog.cookcountyil.gov/api/views/6ney-zqpx
https://datacatalog.cookcountyil.gov/api/views/fgrb-v8fq,ccgisdata - Parcel 2010,The Parcel 2010 feature contains tax parcel polygons for the 2010 property tax assessment at the County. This feature reflects tax parcel polygons as they existed from 1/1/2010 through 12/31/2010. Each parcel is uniquely identified with a Property Index Number (PIN).,2016-03-10,https://datacatalog.cookcountyil.gov/d/fgrb-v8fq,https://datacatalog.cookcountyil.gov/api/views/fgrb-v8fq
https://datacatalog.cookcountyil.gov/api/views/4byp-2m3p,ccgisdata - Community College Tax Dist 2013,Community College Tax Districts in Cook County for tax year 2013.,2015-12-14,https://datacatalog.cookcountyil.gov/d/4byp-2m3p,https://datacatalog.cookcountyil.gov/api/views/4byp-2m3p
https://datacatalog.cookcountyil.gov/api/views/d7n8-78xk,ccgisdata - High School Tax Dist 2013,High School Taxing Districts in Cook County,2015-12-14,https://datacatalog.cookcountyil.gov/d/d7n8-78xk,https://datacatalog.cookcountyil.gov/api/views/d7n8-78xk
https://datacatalog.cookcountyil.gov/api/views/qvrg-swrr,ccgisdata - Sanitary Tax Dist 2013,Sanitary Taxing Districts within Cook County,2015-12-14,https://datacatalog.cookcountyil.gov/d/qvrg-swrr,https://datacatalog.cookcountyil.gov/api/views/qvrg-swrr
https://datacatalog.cookcountyil.gov/api/views/kbr6-dyec,ccgisdata - Unincorporated Zoning Districts 2014,"This is a Cook County Feature class  of Unincorporated Zoning District Boundaries (Aggregate).  This data is provided by the Cook County Dept. Of Building and Zoning and is maintained by the Cook County Zoning Board of Appeals.
Only unincorporated district boundaries are available, please contact specific municipalities for questions regarding incorporated municipal zoning districts.",2014-12-23,https://datacatalog.cookcountyil.gov/d/kbr6-dyec,https://datacatalog.cookcountyil.gov/api/views/kbr6-dyec
https://datacatalog.cookcountyil.gov/api/views/junp-4s2h,ccgisdata - Library Tax Dist 2016,Library Taxing Districts in Cook County,2017-11-30,https://datacatalog.cookcountyil.gov/d/junp-4s2h,https://datacatalog.cookcountyil.gov/api/views/junp-4s2h
https://datacatalog.cookcountyil.gov/api/views/sbwa-jayd,ccgisdata - Rivers and Streams 2015,"The Rivers and Streams data set represents, as a single line, the interpreted midline of flowing water features as seen on the aerial photography.",2015-07-09,https://datacatalog.cookcountyil.gov/d/sbwa-jayd,https://datacatalog.cookcountyil.gov/api/views/sbwa-jayd
https://datacatalog.cookcountyil.gov/api/views/ivv7-q3um,ccgisdata - Address Points for Area 08 (2016),"This Address Point feature class contains one point for every address in Survey Township 08 (Township 41 N, Range 11 E; see ccgisdata - Survey Township (Area) 2014).",2016-05-11,https://datacatalog.cookcountyil.gov/d/ivv7-q3um,https://datacatalog.cookcountyil.gov/api/views/ivv7-q3um
https://datacatalog.cookcountyil.gov/api/views/5tki-78qv,ccgisdata - Sanitary Tax Dist 2014,Sanitary Taxing Districts within Cook County,2015-12-14,https://datacatalog.cookcountyil.gov/d/5tki-78qv,https://datacatalog.cookcountyil.gov/api/views/5tki-78qv
https://datacatalog.cookcountyil.gov/api/views/h3xu-azvs,ccgisdata - High School Tax Dist 2016,High School Taxing Districts in Cook County,2017-11-30,https://datacatalog.cookcountyil.gov/d/h3xu-azvs,https://datacatalog.cookcountyil.gov/api/views/h3xu-azvs
https://datacatalog.cookcountyil.gov/api/views/5n25-pb56,ccgisdata - Political Township 2015,Political Townships in Cook County,2017-11-13,https://datacatalog.cookcountyil.gov/d/5n25-pb56,https://datacatalog.cookcountyil.gov/api/views/5n25-pb56
https://datacatalog.cookcountyil.gov/api/views/mtie-43p4,ccgisdata - Election Precinct Data - 2015 to 2016,"Election Precinct Data- Current consists of 2015 precincts used for the 2016 primary and general elections. The purpose of the feature class is to describe and locate election precincts in Cook County, Illinois for general use by the public and business requirements of the Cook County Election Department, the Clerk's Office, and the Illinois Board of Elections.",2016-07-15,https://datacatalog.cookcountyil.gov/d/mtie-43p4,https://datacatalog.cookcountyil.gov/api/views/mtie-43p4
https://datacatalog.cookcountyil.gov/api/views/uf63-xagj,ccgisdata - Address Points for Area 11 (2016),"This Address Point feature class contains one point for every address in Survey Township 11 (Township 41 N, Range 14 E; see ccgisdata - Survey Township (Area) 2014).",2016-05-11,https://datacatalog.cookcountyil.gov/d/uf63-xagj,https://datacatalog.cookcountyil.gov/api/views/uf63-xagj
https://datacatalog.cookcountyil.gov/api/views/gsew-ir9y,ccgisdata - State Representative District 2010,IL State Representative Districts based on Census 2010,2014-06-02,https://datacatalog.cookcountyil.gov/d/gsew-ir9y,https://datacatalog.cookcountyil.gov/api/views/gsew-ir9y
https://datacatalog.cookcountyil.gov/api/views/69tz-shqi,ccgisdata - Community College Tax District 2016,Community College Tax Districts in Cook County for tax year 2016.,2017-11-30,https://datacatalog.cookcountyil.gov/d/69tz-shqi,https://datacatalog.cookcountyil.gov/api/views/69tz-shqi
https://datacatalog.cookcountyil.gov/api/views/dh3h-25vu,ccgisdata - ESRI Suburban Cook Building Footprints 2008,"Building Footprints based off data from 2008 for the buildings and 2010 vintage for UV SAL buildings in Cook County that are outside of the Chicago Open Data (which is various dates as collected)

2008 Cook County Lidar, UVM Spatial Analysis Lab 2010 Chicago Regional Land Cover (2008 Lidar building footprints were extracted using Esri software and UVM Spatial Analysis Lab building footprints were extracted/regularized using Esri software).",2017-10-19,https://datacatalog.cookcountyil.gov/d/dh3h-25vu,https://datacatalog.cookcountyil.gov/api/views/dh3h-25vu
https://datacatalog.cookcountyil.gov/api/views/nwjq-xhcw,ccgisdata - Fire Protection Tax Dist 2012,Fire Protection Taxing Districts in Cook County,2014-03-10,https://datacatalog.cookcountyil.gov/d/nwjq-xhcw,https://datacatalog.cookcountyil.gov/api/views/nwjq-xhcw
https://datacatalog.cookcountyil.gov/api/views/6265-sdqf,ccgisdata - Address Points for Area 12 (2016),"This Address Point feature class contains one point for every address in Survey Township 12 (Township 40 N, Range 12 E; see ccgisdata - Survey Township (Area) 2014).",2016-05-11,https://datacatalog.cookcountyil.gov/d/6265-sdqf,https://datacatalog.cookcountyil.gov/api/views/6265-sdqf
https://datacatalog.cookcountyil.gov/api/views/ncd7-awz3,ccgisdata - Right-Of-Way 2015,The feature class Right-of-Way indicates tax exempt rights-of-way digitized from recorded plats.,2016-08-04,https://datacatalog.cookcountyil.gov/d/ncd7-awz3,https://datacatalog.cookcountyil.gov/api/views/ncd7-awz3
https://datacatalog.cookcountyil.gov/api/views/husy-x7zf,ccgisdata - Park Boundary 2014,"The purpose of this dataset is to indicate the boundary of each park in Cook County, Illinois.",2014-04-02,https://datacatalog.cookcountyil.gov/d/husy-x7zf,https://datacatalog.cookcountyil.gov/api/views/husy-x7zf
https://datacatalog.cookcountyil.gov/api/views/6uxp-xqj6,ccgisdata - Address Points for Area 25 (2016),"This Address Point feature class contains one point for every address in Survey Township 25 (Township 37 N, Range 14 E; see ccgisdata - Survey Township (Area) 2014).",2016-05-12,https://datacatalog.cookcountyil.gov/d/6uxp-xqj6,https://datacatalog.cookcountyil.gov/api/views/6uxp-xqj6
https://datacatalog.cookcountyil.gov/api/views/n5ze-yef7,ccgisdata - Sanitary Tax Dist 2012,Sanitary Taxing Districts within Cook County,2014-03-11,https://datacatalog.cookcountyil.gov/d/n5ze-yef7,https://datacatalog.cookcountyil.gov/api/views/n5ze-yef7
https://datacatalog.cookcountyil.gov/api/views/9zsm-c6ah,ccgisdata - High School Tax Dist 2014,High School Taxing Districts in Cook County,2015-12-14,https://datacatalog.cookcountyil.gov/d/9zsm-c6ah,https://datacatalog.cookcountyil.gov/api/views/9zsm-c6ah
https://datacatalog.cookcountyil.gov/api/views/ve6b-nwmh,ccgisdata - Road Edge 2014,Paved road edge polygons show the location of pavement edges along a road,2014-05-14,https://datacatalog.cookcountyil.gov/d/ve6b-nwmh,https://datacatalog.cookcountyil.gov/api/views/ve6b-nwmh
https://datacatalog.cookcountyil.gov/api/views/midq-8zgd,ccgisdata - Lot 2012,The feature class LOT contains lot polygons as shown on the tax map.,2014-03-10,https://datacatalog.cookcountyil.gov/d/midq-8zgd,https://datacatalog.cookcountyil.gov/api/views/midq-8zgd
https://datacatalog.cookcountyil.gov/api/views/nu5w-d9cb,ccgisdata - Library Tax Dist 2015,Library Taxing Districts in Cook County,2017-11-13,https://datacatalog.cookcountyil.gov/d/nu5w-d9cb,https://datacatalog.cookcountyil.gov/api/views/nu5w-d9cb
https://datacatalog.cookcountyil.gov/api/views/54xy-ar3i,ccgisdata - Park Tax Dist 2014,Park Taxing Districts within Cook County,2015-12-10,https://datacatalog.cookcountyil.gov/d/54xy-ar3i,https://datacatalog.cookcountyil.gov/api/views/54xy-ar3i
https://datacatalog.cookcountyil.gov/api/views/xwwf-iwgu,ccgisdata - Cook County Highway Jurisdiction 2015,"This dataset contains roads under Cook County jurisdiction. The MAINT attribute is ""True"" for roads maintained by the County 

Data last updated 06/19/2015.",2015-06-22,https://datacatalog.cookcountyil.gov/d/xwwf-iwgu,https://datacatalog.cookcountyil.gov/api/views/xwwf-iwgu
https://datacatalog.cookcountyil.gov/api/views/ai6s-9ihv,ccgisdata - Address Points for Area 15 (2016),"This Address Point feature class contains one point for every address in Survey Township 15 (Township 39 N, Range 12 E; see ccgisdata - Survey Township (Area) 2014).",2016-05-11,https://datacatalog.cookcountyil.gov/d/ai6s-9ihv,https://datacatalog.cookcountyil.gov/api/views/ai6s-9ihv
https://datacatalog.cookcountyil.gov/api/views/k7z8-ma9h,ccgisdata - Address Points for Area 30 (2016),"This Address Point feature class contains one point for every address in Survey Township 30 (Township 36 N, Range 15 E; see ccgisdata - Survey Township (Area) 2014).",2016-05-12,https://datacatalog.cookcountyil.gov/d/k7z8-ma9h,https://datacatalog.cookcountyil.gov/api/views/k7z8-ma9h
https://datacatalog.cookcountyil.gov/api/views/5i2c-y2u6,ccgisdata - Parcel 2013,The Parcel 2013 feature contains tax parcel polygons for the 2013 property tax assessment at the County. This feature reflects tax parcel polygons as they existed from 1/1/2013 through 12/31/2013. Each parcel is uniquely identified with a Property Index Number (PIN).,2015-04-02,https://datacatalog.cookcountyil.gov/d/5i2c-y2u6,https://datacatalog.cookcountyil.gov/api/views/5i2c-y2u6
https://datacatalog.cookcountyil.gov/api/views/wwzc-wmut,ccgisdata - Lot 2015,The feature class LOT contains lot polygons as shown on the tax map.,2016-08-04,https://datacatalog.cookcountyil.gov/d/wwzc-wmut,https://datacatalog.cookcountyil.gov/api/views/wwzc-wmut
https://datacatalog.cookcountyil.gov/api/views/uj2i-iwt2,ccgisdata - Library Tax Dist 2012,Library Taxing Districts in Cook County,2014-03-10,https://datacatalog.cookcountyil.gov/d/uj2i-iwt2,https://datacatalog.cookcountyil.gov/api/views/uj2i-iwt2
https://datacatalog.cookcountyil.gov/api/views/rxi4-nx3v,ccgisdata - Address Points for Area 07 (2016),"This Address Point feature class contains one point for every address in Survey Township 07 (Township 41 N, Range 10 E; see ccgisdata - Survey Township (Area) 2014).",2016-05-11,https://datacatalog.cookcountyil.gov/d/rxi4-nx3v,https://datacatalog.cookcountyil.gov/api/views/rxi4-nx3v
https://datacatalog.cookcountyil.gov/api/views/d8vx-7fm3,ccgisdata - Municipal Incorporation Inventory,"Department of GIS sponsored Municipal Incorporation Inventory (MII) project. The following agencies participated in this project: The Cook County Recorder of Deeds, Cook County Emergency Telephone System Board, Cook County Circuit Court, Archives Department, Cook County Department of Transportation and Highways, the Cook County Clerk?s Office and the Illinois State Archives Office of the Secretary of State. 

The data is not guaranteed to be accurate, correct, or complete. Information provided should not be used as a substitute for legal, business, tax, or other professional advice. The recipient/viewer should contact appropriate regulating agencies to determine accuracy or suitability of the data for a particular use.",2016-11-04,https://datacatalog.cookcountyil.gov/d/d8vx-7fm3,https://datacatalog.cookcountyil.gov/api/views/d8vx-7fm3
https://datacatalog.cookcountyil.gov/api/views/73aw-3v3w,ccgisdata - Street Midlines 2015,The Street Midlines in this feature class represent the interpreted midline between the compiled edges of pavement. Unimproved rights-of-way are also included in this database.,2015-11-25,https://datacatalog.cookcountyil.gov/d/73aw-3v3w,https://datacatalog.cookcountyil.gov/api/views/73aw-3v3w
https://datacatalog.cookcountyil.gov/api/views/kkvn-vsd7,ccgisdata - Address Points for Area 23 (2016),"This Address Point feature class contains one point for every address in Survey Township 23 (Township 37 N, Range 12 E; see ccgisdata - Survey Township (Area) 2014).",2016-05-12,https://datacatalog.cookcountyil.gov/d/kkvn-vsd7,https://datacatalog.cookcountyil.gov/api/views/kkvn-vsd7
https://datacatalog.cookcountyil.gov/api/views/deu8-tsbu,ccgisdata - School Boundary 2014,"The purpose of this dataset is to indicate the boundary of each school in Cook County, Illinois.",2014-02-28,https://datacatalog.cookcountyil.gov/d/deu8-tsbu,https://datacatalog.cookcountyil.gov/api/views/deu8-tsbu
https://datacatalog.cookcountyil.gov/api/views/26nm-wd5q,ccgisdata - Commissioner Districts - Historical - 2000,"Historical data. For current boundaries see https://datacatalog.cookcountyil.gov/id/vx2u-6dxj. The purpose of this dataset is to indicate the boundary of each Commissioner district in Cook County, Illinois. These boundaries are based off of Census 2000 geographies and were in effect until the December 2014 County Commissioner elections.",2014-05-30,https://datacatalog.cookcountyil.gov/d/26nm-wd5q,https://datacatalog.cookcountyil.gov/api/views/26nm-wd5q
https://datacatalog.cookcountyil.gov/api/views/pdzq-ueri,ccgisdata - Metropolitan Water Reclamation Tax Dist 2012,Metropolitan Water Reclamation Taxing Districts in Cook County,2014-03-11,https://datacatalog.cookcountyil.gov/d/pdzq-ueri,https://datacatalog.cookcountyil.gov/api/views/pdzq-ueri
https://datacatalog.cookcountyil.gov/api/views/7vh7-f9gz,ccgisdata - Fire Protection Tax Dist 2014,Fire Protection Taxing Districts in Cook County,2015-12-14,https://datacatalog.cookcountyil.gov/d/7vh7-f9gz,https://datacatalog.cookcountyil.gov/api/views/7vh7-f9gz
https://datacatalog.cookcountyil.gov/api/views/7832-c962,ccgisdata - Address Points for Area 03 (2016),"This Address Point feature class contains one point for every address in Survey Township 03 (Township 42 N, Range 11 E; see ccgisdata - Survey Township (Area) 2014).",2016-05-11,https://datacatalog.cookcountyil.gov/d/7832-c962,https://datacatalog.cookcountyil.gov/api/views/7832-c962
https://datacatalog.cookcountyil.gov/api/views/2m9h-cq6j,ccgisdata - Parcel 2014,The Parcel 2014 feature contains tax parcel polygons for the 2014 property tax assessment at the County. This feature reflects tax parcel polygons as they existed from 1/1/2014 through 12/31/2014. Each parcel is uniquely identified with a Property Index Number (PIN).,2015-11-06,https://datacatalog.cookcountyil.gov/d/2m9h-cq6j,https://datacatalog.cookcountyil.gov/api/views/2m9h-cq6j
https://datacatalog.cookcountyil.gov/api/views/38yg-b73x,ccgisdata - Address Points for Area 05 (2016),"This Address Point feature class contains one point for every address in Survey Township 05 (Township 42 N, Range 13 E; see ccgisdata - Survey Township (Area) 2014).",2016-05-11,https://datacatalog.cookcountyil.gov/d/38yg-b73x,https://datacatalog.cookcountyil.gov/api/views/38yg-b73x
https://datacatalog.cookcountyil.gov/api/views/c4y3-uesx,ccgisdata - Address Points for Area 10 (2016),"This Address Point feature class contains one point for every address in Survey Township 10 (Township 41 N, Range 13 E; see ccgisdata - Survey Township (Area) 2014).",2016-05-11,https://datacatalog.cookcountyil.gov/d/c4y3-uesx,https://datacatalog.cookcountyil.gov/api/views/c4y3-uesx
https://datacatalog.cookcountyil.gov/api/views/6d9g-gzdf,ccgisdata - Metropolitan Water Reclamation Tax Dist 2013,Metropolitan Water Reclamation Taxing Districts in Cook County,2015-12-14,https://datacatalog.cookcountyil.gov/d/6d9g-gzdf,https://datacatalog.cookcountyil.gov/api/views/6d9g-gzdf
https://datacatalog.cookcountyil.gov/api/views/jaeu-u2u6,ccgisdata - Address Points for Area 17 (2016),"This Address Point feature class contains one point for every address in Survey Township 17 (Township 39 N, Range 14 E; see ccgisdata - Survey Township (Area) 2014).",2016-05-11,https://datacatalog.cookcountyil.gov/d/jaeu-u2u6,https://datacatalog.cookcountyil.gov/api/views/jaeu-u2u6
https://datacatalog.cookcountyil.gov/api/views/nkzg-ucit,ccgisdata - Address Points for Area 06 (2016),"This Address Point feature class contains one point for every address in Survey Township 06 (Township 41 N, Range 9 E; see ccgisdata - Survey Township (Area) 2014).",2016-05-11,https://datacatalog.cookcountyil.gov/d/nkzg-ucit,https://datacatalog.cookcountyil.gov/api/views/nkzg-ucit
https://datacatalog.cookcountyil.gov/api/views/h3d6-h2wb,ccgisdata - Cemetery Boundary 2014,"The purpose of this dataset is to indicate the boundary of each cemetery in Cook County, Illinois.",2014-02-28,https://datacatalog.cookcountyil.gov/d/h3d6-h2wb,https://datacatalog.cookcountyil.gov/api/views/h3d6-h2wb
https://datacatalog.cookcountyil.gov/api/views/vmn7-7rcc,ccgisdata - Park Tax Dist 2013,Park Taxing Districts within Cook County,2015-12-14,https://datacatalog.cookcountyil.gov/d/vmn7-7rcc,https://datacatalog.cookcountyil.gov/api/views/vmn7-7rcc
https://datacatalog.cookcountyil.gov/api/views/i2km-7cwi,ccgisdata - Parcel 2001,The Parcel 2001 feature contains tax parcel polygons for the 2001 property tax assessment at the County. This feature reflects tax parcel polygons as they existed from 1/1/2001 through 12/31/2001. Each parcel is uniquely identified with a Property Index Number (PIN).,2016-03-31,https://datacatalog.cookcountyil.gov/d/i2km-7cwi,https://datacatalog.cookcountyil.gov/api/views/i2km-7cwi
https://datacatalog.cookcountyil.gov/api/views/c73k-hv6s,ccgisdata - Park Tax Dist 2012,Park Taxing Districts within Cook County,2014-03-11,https://datacatalog.cookcountyil.gov/d/c73k-hv6s,https://datacatalog.cookcountyil.gov/api/views/c73k-hv6s
https://datacatalog.cookcountyil.gov/api/views/6y64-fiuv,ccgisdata - Address Points for Area 13 (2016),"This Address Point feature class contains one point for every address in Survey Township 13 (Township 40 N, Range 13 E; see ccgisdata - Survey Township (Area) 2014).",2016-05-11,https://datacatalog.cookcountyil.gov/d/6y64-fiuv,https://datacatalog.cookcountyil.gov/api/views/6y64-fiuv
https://datacatalog.cookcountyil.gov/api/views/y9wi-jd57,ccgisdata - Address Points for Area 19 (2016),"This Address Point feature class contains one point for every address in Survey Township 19 (Township 38 N, Range 13 E; see ccgisdata - Survey Township (Area) 2014).",2016-05-11,https://datacatalog.cookcountyil.gov/d/y9wi-jd57,https://datacatalog.cookcountyil.gov/api/views/y9wi-jd57
https://datacatalog.cookcountyil.gov/api/views/7fn9-axdp,ccgisdata - Address Points for Area 33 (2016),"This Address Point feature class contains one point for every address in Survey Township 33 (Township 35 N, Range 15 E; see ccgisdata - Survey Township (Area) 2014).",2016-05-12,https://datacatalog.cookcountyil.gov/d/7fn9-axdp,https://datacatalog.cookcountyil.gov/api/views/7fn9-axdp
https://datacatalog.cookcountyil.gov/api/views/bgj7-e5i7,ccgisdata - Metropolitan Water Reclamation Tax Dist 2015,Metropolitan Water Reclamation Taxing Districts in Cook County,2017-11-13,https://datacatalog.cookcountyil.gov/d/bgj7-e5i7,https://datacatalog.cookcountyil.gov/api/views/bgj7-e5i7
https://datacatalog.cookcountyil.gov/api/views/bdwn-kmxv,ccgisdata - Library Tax Dist 2014,Library Taxing Districts in Cook County,2015-12-14,https://datacatalog.cookcountyil.gov/d/bdwn-kmxv,https://datacatalog.cookcountyil.gov/api/views/bdwn-kmxv
https://datacatalog.cookcountyil.gov/api/views/h5ph-eevy,ccgisdata - Community College Tax District 2015,Community College Tax Districts in Cook County for tax year 2015.,2017-11-13,https://datacatalog.cookcountyil.gov/d/h5ph-eevy,https://datacatalog.cookcountyil.gov/api/views/h5ph-eevy
https://datacatalog.cookcountyil.gov/api/views/pz8d-arh6,ccgisdata - Address Points for Area 26 (2016),"This Address Point feature class contains one point for every address in Survey Township 26 (Township 37 N, Range 15 E; see ccgisdata - Survey Township (Area) 2014).",2016-05-12,https://datacatalog.cookcountyil.gov/d/pz8d-arh6,https://datacatalog.cookcountyil.gov/api/views/pz8d-arh6
https://datacatalog.cookcountyil.gov/api/views/6ytg-mpcv,ccgisdata - Right-of-Way 2014,The feature class Right-of-Way indicates tax exempt rights-of-way digitized from recorded plats.,2015-12-15,https://datacatalog.cookcountyil.gov/d/6ytg-mpcv,https://datacatalog.cookcountyil.gov/api/views/6ytg-mpcv
https://datacatalog.cookcountyil.gov/api/views/tdr3-fqnq,ccgisdata - Survey Township (Area) 2014,"The Public Land Survey System (PLSS) forms the foundation of Cook County's cadastral system for identifying and locating land records. Tax parcels are identified using township and section notation, in a modified format. This PLSS feature data set is intended to correspond to tax pages in the Cook County Assessor's Tax Map book (current as of tax year 2000 for 66% of the County and as of tax year 2001 for the remaining 33% of the County), and should not be used for measurement or surveyor purposes. In addition, the parcel attributes PINA (area/township) and PINSA (subarea/section) do not necessarily correspond to the PLSS township and section polygon in which a given parcel resides. The PLSS data is modeled as a single composite network coverage that encompasses townships (area), sections (subarea), quarter sections, and half quarter section.",2014-01-31,https://datacatalog.cookcountyil.gov/d/tdr3-fqnq,https://datacatalog.cookcountyil.gov/api/views/tdr3-fqnq
https://datacatalog.cookcountyil.gov/api/views/x2ib-rt29,ccgisdata - Parcel 2000,The Parcel 2000 feature contains tax parcel polygons for the 2000 property tax assessment at the County. This feature reflects tax parcel polygons as they existed from 1/1/2000 through 12/31/2000. Each parcel is uniquely identified with a Property Index Number (PIN).,2016-03-31,https://datacatalog.cookcountyil.gov/d/x2ib-rt29,https://datacatalog.cookcountyil.gov/api/views/x2ib-rt29
https://datacatalog.cookcountyil.gov/api/views/jw39-s5cv,ccgisdata - Section 2014,"The PLSS data is modeled as a single composite network coverage that encompasses townships (area), sections (subarea), quarter sections, and half quarter section. If an indigenous people's reserve was present on the tax map, it was digitized to create subpolygons of the half-quarter section, and those polygons were attributed with the name of the reserve. Within this PLSS data set, a half-quarter section is the smallest polygon unit, except in cases where an Indigenous People's Reserve line is present.",2014-01-31,https://datacatalog.cookcountyil.gov/d/jw39-s5cv,https://datacatalog.cookcountyil.gov/api/views/jw39-s5cv
https://datacatalog.cookcountyil.gov/api/views/5rc6-e9r6,ccgisdata - Parcel 2009,The Parcel 2009 feature contains tax parcel polygons for the 2009 property tax assessment at the County. This feature reflects tax parcel polygons as they existed from 1/1/2009 through 12/31/2009. Each parcel is uniquely identified with a Property Index Number (PIN).,2016-03-10,https://datacatalog.cookcountyil.gov/d/5rc6-e9r6,https://datacatalog.cookcountyil.gov/api/views/5rc6-e9r6
https://datacatalog.cookcountyil.gov/api/views/6jt3-ndyu,ccgisdata - Parcel 2004,The Parcel 2004 feature contains tax parcel polygons for the 2004 property tax assessment at the County. This feature reflects tax parcel polygons as they existed from 1/1/2004 through 12/31/2004. Each parcel is uniquely identified with a Property Index Number (PIN).,2016-03-31,https://datacatalog.cookcountyil.gov/d/6jt3-ndyu,https://datacatalog.cookcountyil.gov/api/views/6jt3-ndyu
https://datacatalog.cookcountyil.gov/api/views/qxn3-68ki,ccgisdata - Right-of-Way 2012,The feature class Right-of-Way indicates tax exempt rights-of-way digitized from recorded plats.,2014-04-30,https://datacatalog.cookcountyil.gov/d/qxn3-68ki,https://datacatalog.cookcountyil.gov/api/views/qxn3-68ki
https://datacatalog.cookcountyil.gov/api/views/kxy6-yhpt,ccgisdata - Right-Of-Way 2016,The feature class Right-of-Way indicates tax exempt rights-of-way digitized from recorded plats.,2017-11-30,https://datacatalog.cookcountyil.gov/d/kxy6-yhpt,https://datacatalog.cookcountyil.gov/api/views/kxy6-yhpt
https://datacatalog.cookcountyil.gov/api/views/2vjk-wpfr,ccgisdata - Lot 2014,The feature class LOT contains lot polygons as shown on the tax map.,2015-12-15,https://datacatalog.cookcountyil.gov/d/2vjk-wpfr,https://datacatalog.cookcountyil.gov/api/views/2vjk-wpfr
https://datacatalog.cookcountyil.gov/api/views/6bgu-89x4,ccgisdata - Unit School Tax Dist 2013,Unit School Taxing Districts in Cook County,2015-12-14,https://datacatalog.cookcountyil.gov/d/6bgu-89x4,https://datacatalog.cookcountyil.gov/api/views/6bgu-89x4
https://datacatalog.cookcountyil.gov/api/views/2rg9-v9k5,ccgisdata - Fire Protection Tax Dist 2015,Fire Protection Taxing Districts in Cook County,2017-11-13,https://datacatalog.cookcountyil.gov/d/2rg9-v9k5,https://datacatalog.cookcountyil.gov/api/views/2rg9-v9k5
https://datacatalog.cookcountyil.gov/api/views/vjup-q5in,ccgisdata - Cook County Warming Centers,Municipalities around Cook County have opened warming centers for area residents as temperatures start to drop. Residents who need to seek shelter should contact the center first to verify it is open.,2016-12-09,https://datacatalog.cookcountyil.gov/d/vjup-q5in,https://datacatalog.cookcountyil.gov/api/views/vjup-q5in
https://datacatalog.cookcountyil.gov/api/views/ezne-sr8y,ccgisdata - State Senate District 2010,IL State Senate Districts based on Census 2010,2014-06-02,https://datacatalog.cookcountyil.gov/d/ezne-sr8y,https://datacatalog.cookcountyil.gov/api/views/ezne-sr8y
https://datacatalog.cookcountyil.gov/api/views/g4qd-796y,ccgisdata - Sanitary Tax Dist 2015,Sanitary Taxing Districts within Cook County,2017-11-13,https://datacatalog.cookcountyil.gov/d/g4qd-796y,https://datacatalog.cookcountyil.gov/api/views/g4qd-796y
https://datacatalog.cookcountyil.gov/api/views/4977-ijic,ccgisdata - Address Points for Area 02 (2016),"This Address Point feature class contains one point for every address in Survey Township 02 (Township 42 N, Range 10 E; see ccgisdata - Survey Township (Area) 2014).",2016-05-11,https://datacatalog.cookcountyil.gov/d/4977-ijic,https://datacatalog.cookcountyil.gov/api/views/4977-ijic
https://datacatalog.cookcountyil.gov/api/views/24hu-vx3h,ccgisdata - Address Points for Area 20 (2016),"This Address Point feature class contains one point for every address in Survey Township 20 (Township 38 N, Range 14 E; see ccgisdata - Survey Township (Area) 2014).",2016-05-12,https://datacatalog.cookcountyil.gov/d/24hu-vx3h,https://datacatalog.cookcountyil.gov/api/views/24hu-vx3h
https://datacatalog.cookcountyil.gov/api/views/r5e4-5wi6,ccgisdata - Parcel 2006,The Parcel 2006 feature contains tax parcel polygons for the 2006 property tax assessment at the County. This feature reflects tax parcel polygons as they existed from 1/1/2006 through 12/31/2006. Each parcel is uniquely identified with a Property Index Number (PIN).,2016-03-10,https://datacatalog.cookcountyil.gov/d/r5e4-5wi6,https://datacatalog.cookcountyil.gov/api/views/r5e4-5wi6
https://datacatalog.cookcountyil.gov/api/views/6mxp-5tr3,ccgisdata - Elementary School Tax Dist 2012,Elementary School Taxing Districts in Cook County,2014-03-10,https://datacatalog.cookcountyil.gov/d/6mxp-5tr3,https://datacatalog.cookcountyil.gov/api/views/6mxp-5tr3
https://datacatalog.cookcountyil.gov/api/views/uxmj-ssxr,ccgisdata - Community College Tax District 2014,Community College Tax Districts in Cook County for tax year 2014.,2015-12-10,https://datacatalog.cookcountyil.gov/d/uxmj-ssxr,https://datacatalog.cookcountyil.gov/api/views/uxmj-ssxr
https://datacatalog.cookcountyil.gov/api/views/pr2q-arui,ccgisdata - Metropolitan Water Reclamation Tax Dist 2016,Metropolitan Water Reclamation Taxing Districts in Cook County,2017-11-30,https://datacatalog.cookcountyil.gov/d/pr2q-arui,https://datacatalog.cookcountyil.gov/api/views/pr2q-arui
https://datacatalog.cookcountyil.gov/api/views/gcqr-kbqq,ccgisdata - Parcel 2003,The Parcel 2003 feature contains tax parcel polygons for the 2003 property tax assessment at the County. This feature reflects tax parcel polygons as they existed from 1/1/2003 through 12/31/2003. Each parcel is uniquely identified with a Property Index Number (PIN).,2016-03-31,https://datacatalog.cookcountyil.gov/d/gcqr-kbqq,https://datacatalog.cookcountyil.gov/api/views/gcqr-kbqq
https://datacatalog.cookcountyil.gov/api/views/54r5-cenp,ccgisdata - Parcel 2008,The Parcel 2008 feature contains tax parcel polygons for the 2008 property tax assessment at the County. This feature reflects tax parcel polygons as they existed from 1/1/2008 through 12/31/2008. Each parcel is uniquely identified with a Property Index Number (PIN).,2016-03-10,https://datacatalog.cookcountyil.gov/d/54r5-cenp,https://datacatalog.cookcountyil.gov/api/views/54r5-cenp
https://datacatalog.cookcountyil.gov/api/views/ujuy-nfcm,ccgisdata - Street Midlines 2014,The Street Midlines in this feature class represent the interpreted midline between the compiled edges of pavement. Unimproved rights-of-way are also included in this database.,2014-03-05,https://datacatalog.cookcountyil.gov/d/ujuy-nfcm,https://datacatalog.cookcountyil.gov/api/views/ujuy-nfcm
https://datacatalog.cookcountyil.gov/api/views/qzpp-jhf6,ccgisdata - Address Points for Area 01 (2016),"This Address Point feature class contains one point for every address in Survey Township 01 (Township 42 N, Range 9 E; see ccgisdata - Survey Township (Area) 2014).",2016-05-10,https://datacatalog.cookcountyil.gov/d/qzpp-jhf6,https://datacatalog.cookcountyil.gov/api/views/qzpp-jhf6
https://datacatalog.cookcountyil.gov/api/views/dikj-9jrm,ccgisdata - Political Township 2013,Political Townships in Cook County,2015-12-14,https://datacatalog.cookcountyil.gov/d/dikj-9jrm,https://datacatalog.cookcountyil.gov/api/views/dikj-9jrm
https://datacatalog.cookcountyil.gov/api/views/ihst-6dcv,ccgisdata - Metropolitan Water Reclamation Tax Dist 2014,Metropolitan Water Reclamation Taxing Districts in Cook County,2015-12-14,https://datacatalog.cookcountyil.gov/d/ihst-6dcv,https://datacatalog.cookcountyil.gov/api/views/ihst-6dcv
https://datacatalog.cookcountyil.gov/api/views/yh6i-3pdt,ccgisdata - High School Tax Dist 2012,High School Taxing Districts in Cook County,2014-07-22,https://datacatalog.cookcountyil.gov/d/yh6i-3pdt,https://datacatalog.cookcountyil.gov/api/views/yh6i-3pdt
https://datacatalog.cookcountyil.gov/api/views/9f5i-sfa6,ccgisdata - Fire Protection Tax Dist 2013,Fire Protection Taxing Districts in Cook County,2015-12-14,https://datacatalog.cookcountyil.gov/d/9f5i-sfa6,https://datacatalog.cookcountyil.gov/api/views/9f5i-sfa6
https://datacatalog.cookcountyil.gov/api/views/pt2x-hzk3,ccgisdata - Community College Tax Dist 2012,Community College Tax Districts in Cook County,2014-03-10,https://datacatalog.cookcountyil.gov/d/pt2x-hzk3,https://datacatalog.cookcountyil.gov/api/views/pt2x-hzk3
https://datacatalog.cookcountyil.gov/api/views/syzq-55pd,ccgisdata - Address Points for Area 09 (2016),"This Address Point feature class contains one point for every address in Survey Township 09 (Township 41 N, Range 12 E; see ccgisdata - Survey Township (Area) 2014).",2016-05-11,https://datacatalog.cookcountyil.gov/d/syzq-55pd,https://datacatalog.cookcountyil.gov/api/views/syzq-55pd
https://datacatalog.cookcountyil.gov/api/views/ta8t-zebk,ccgisdata - Municipality 2014,This Municipality feature class interprets the location and describes the boundaries of all municipalities and unincorporated areas within the borders of Cook County. Attribution for this feature class includes a municipality name and agency description.,2014-01-03,https://datacatalog.cookcountyil.gov/d/ta8t-zebk,https://datacatalog.cookcountyil.gov/api/views/ta8t-zebk
https://datacatalog.cookcountyil.gov/api/views/594e-g5w3,ccgisdata - Unit School Tax Districts 2016,Unit School Taxing Districts in Cook County,2017-11-30,https://datacatalog.cookcountyil.gov/d/594e-g5w3,https://datacatalog.cookcountyil.gov/api/views/594e-g5w3
https://datacatalog.cookcountyil.gov/api/views/trqg-itvx,ccgisdata - Election Precinct Data 2011,"This data includes 2011 precincts used for all elections 2012 thru 2015. The purpose of the feature class is to describe and locate election precincts in Cook County, Illinois for general use by the public and business requirements of the Cook County Election Department, the Clerk's Office, and the Illinois Board of Elections.",2016-07-15,https://datacatalog.cookcountyil.gov/d/trqg-itvx,https://datacatalog.cookcountyil.gov/api/views/trqg-itvx
https://datacatalog.cookcountyil.gov/api/views/gug2-e5qv,ccgisdata - Address Points for Area 28 (2016),"This Address Point feature class contains one point for every address in Survey Township 28 (Township 36 N, Range 13 E; see ccgisdata - Survey Township (Area) 2014).",2016-05-12,https://datacatalog.cookcountyil.gov/d/gug2-e5qv,https://datacatalog.cookcountyil.gov/api/views/gug2-e5qv
https://datacatalog.cookcountyil.gov/api/views/vhk7-x9yc,ccgisdata - Address Points for Area 27 (2016),"This Address Point feature class contains one point for every address in Survey Township 27 (Township 36 N, Range 12 E; see ccgisdata - Survey Township (Area) 2014).",2016-05-12,https://datacatalog.cookcountyil.gov/d/vhk7-x9yc,https://datacatalog.cookcountyil.gov/api/views/vhk7-x9yc
https://datacatalog.cookcountyil.gov/api/views/mvxv-d4di,ccgisdata - Parcel 2007,The Parcel 2007 feature contains tax parcel polygons for the 2007 property tax assessment at the County. This feature reflects tax parcel polygons as they existed from 1/1/2007 through 12/31/2007. Each parcel is uniquely identified with a Property Index Number (PIN).,2016-03-10,https://datacatalog.cookcountyil.gov/d/mvxv-d4di,https://datacatalog.cookcountyil.gov/api/views/mvxv-d4di
https://datacatalog.cookcountyil.gov/api/views/nxb6-rw3s,ccgisdata - Parcel 2015,The Parcel 2015 feature contains tax parcel polygons for the 2015 property tax assessment at the County. This feature reflects tax parcel polygons as they existed from 1/1/2015 through 12/31/2015. Each parcel is uniquely identified with a Property Index Number (PIN).,2016-08-04,https://datacatalog.cookcountyil.gov/d/nxb6-rw3s,https://datacatalog.cookcountyil.gov/api/views/nxb6-rw3s
https://datacatalog.cookcountyil.gov/api/views/a5w9-2wkv,ccgisdata - Rail Station 2014,"This dataset contains a point feature class that represents railroad stations in Cook County, Illinois.",2014-08-18,https://datacatalog.cookcountyil.gov/d/a5w9-2wkv,https://datacatalog.cookcountyil.gov/api/views/a5w9-2wkv
https://datacatalog.cookcountyil.gov/api/views/7n8x-uj9u,ccgisdata - ESRI Chicago Bldg Footprints 2008,"Building Footprints based off data from 2008 for the buildings and 2010 vintage for UV SAL buildings in Cook County that are outside of the Chicago Open Data (which is various dates as collected)

2008 Cook County Lidar, UVM Spatial Analysis Lab 2010 Chicago Regional Land Cover (2008 Lidar building footprints were extracted using Esri software and UVM Spatial Analysis Lab building footprints were extracted/regularized using Esri software).",2017-10-19,https://datacatalog.cookcountyil.gov/d/7n8x-uj9u,https://datacatalog.cookcountyil.gov/api/views/7n8x-uj9u
https://datacatalog.cookcountyil.gov/api/views/d8c2-rize,ccgisdata - Address Points for Area 29 (2016),"This Address Point feature class contains one point for every address in Survey Township 29 (Township 36 N, Range 14 E; see ccgisdata - Survey Township (Area) 2014).",2016-05-12,https://datacatalog.cookcountyil.gov/d/d8c2-rize,https://datacatalog.cookcountyil.gov/api/views/d8c2-rize
https://datacatalog.cookcountyil.gov/api/views/grai-4xdq,ccgisdata - Cemetery Point 2014,"The purpose of this dataset is to indicate a central location within (when a single feature) or among all the polygons (when a multi-part feature) that constitute that complete cultural feature area of each cemetery in Cook County, Illinois.",2014-02-28,https://datacatalog.cookcountyil.gov/d/grai-4xdq,https://datacatalog.cookcountyil.gov/api/views/grai-4xdq
https://datacatalog.cookcountyil.gov/api/views/54r3-ikn3,ccgisdata - Judicial District,"The purpose of the feature class is to interpret the location of and describe judicial subcircuits in Cook County, Illinois.",2014-06-03,https://datacatalog.cookcountyil.gov/d/54r3-ikn3,https://datacatalog.cookcountyil.gov/api/views/54r3-ikn3
https://datacatalog.cookcountyil.gov/api/views/gds4-em3f,ccgisdata - Political Township 2014,Political Townships in Cook County,2015-12-15,https://datacatalog.cookcountyil.gov/d/gds4-em3f,https://datacatalog.cookcountyil.gov/api/views/gds4-em3f
https://datacatalog.cookcountyil.gov/api/views/9pjs-siys,ccgisdata - Unit School Tax Dist 2012,Unit School Taxing Districts in Cook County,2014-03-11,https://datacatalog.cookcountyil.gov/d/9pjs-siys,https://datacatalog.cookcountyil.gov/api/views/9pjs-siys
https://datacatalog.cookcountyil.gov/api/views/5krr-vb4m,ccgisdata - Address Points for Area 04 (2016),"This Address Point feature class contains one point for every address in Survey Township 04 (Township 42 N, Range 12 E; see ccgisdata - Survey Township (Area) 2014).",2016-05-11,https://datacatalog.cookcountyil.gov/d/5krr-vb4m,https://datacatalog.cookcountyil.gov/api/views/5krr-vb4m
