identifier,landingPage,portalName
9cc75da1d2144072a1ca1d8776f70d14_23,http://data1-indygis.opendata.arcgis.com/datasets/9cc75da1d2144072a1ca1d8776f70d14_23,01c-02
5410cc341b144f52b59f7657902b3320_0,http://data.imap.maryland.gov/datasets/5410cc341b144f52b59f7657902b3320_0,04a-01
16d2511f56e54b51a2791618905a0626,http://data.imap.maryland.gov/datasets/16d2511f56e54b51a2791618905a0626,04a-01
523a4e3164994a6a91ec0720752193f8_5,http://data.imap.maryland.gov/datasets/523a4e3164994a6a91ec0720752193f8_5,04a-01
9caf3182e00c49d0a3e4cae8b31df886_1,http://data.imap.maryland.gov/datasets/9caf3182e00c49d0a3e4cae8b31df886_1,04a-01
d0dc4593dbdd413c8f1583325ce0a293,http://data.imap.maryland.gov/datasets/d0dc4593dbdd413c8f1583325ce0a293,04a-01
fafc10b62b2c4abea4711ed929ff3d12_2,http://data.imap.maryland.gov/datasets/fafc10b62b2c4abea4711ed929ff3d12_2,04a-01
6e09aec50f3249f8981df549e424bdcd,http://data.imap.maryland.gov/datasets/6e09aec50f3249f8981df549e424bdcd,04a-01
f3bd0147b4024acea815a8ec0d2bfc4d,http://data.imap.maryland.gov/datasets/f3bd0147b4024acea815a8ec0d2bfc4d,04a-01
9341b594f40c4e4281a0a873f7dbacdb_3,http://data.imap.maryland.gov/datasets/9341b594f40c4e4281a0a873f7dbacdb_3,04a-01
db73c7d66e3d4423856a8504d6666929_5,http://data.imap.maryland.gov/datasets/db73c7d66e3d4423856a8504d6666929_5,04a-01
5206bd0c974646cb81a2334789b14d01_30,http://data.imap.maryland.gov/datasets/5206bd0c974646cb81a2334789b14d01_30,04a-01
d79d06e8481f43209e789d8bf7978ce5_4,http://data.imap.maryland.gov/datasets/d79d06e8481f43209e789d8bf7978ce5_4,04a-01
b5716683f76b46b486e2eb0b06e3d7ae_6,http://data.imap.maryland.gov/datasets/b5716683f76b46b486e2eb0b06e3d7ae_6,04a-01
0e2ef17389dd469b8e2f441ba461a398_0,http://data-carrollco-md.opendata.arcgis.com/datasets/0e2ef17389dd469b8e2f441ba461a398_0,04b-24013
829f617627114ca1b6ee6c99acc7d11c_48,http://opendata.dc.gov/datasets/829f617627114ca1b6ee6c99acc7d11c_48,04c-01
efad2a2696164d2db65e6c16d426939e_95,http://opendata.dc.gov/datasets/efad2a2696164d2db65e6c16d426939e_95,04c-01
fc66309ca22e44aca3748efdeb0459af_14,http://opendata.dc.gov/datasets/fc66309ca22e44aca3748efdeb0459af_14,04c-01
e1b48ed01828470d9df38e30e9a3597e_103,http://opendata.dc.gov/datasets/e1b48ed01828470d9df38e30e9a3597e_103,04c-01
8f08535a1c144fdca6d8b8074cf92b35_34,http://opendata.dc.gov/datasets/8f08535a1c144fdca6d8b8074cf92b35_34,04c-01
fd12e009a68f4e0286b0564fe2679c3a_30,http://opendata.dc.gov/datasets/fd12e009a68f4e0286b0564fe2679c3a_30,04c-01
c2be7682fc8841e1b883c7ea567d9857_12,http://opendata.dc.gov/datasets/c2be7682fc8841e1b883c7ea567d9857_12,04c-01
e991cb36be214b578715ff8a8bd14826_1,http://opendata.dc.gov/datasets/e991cb36be214b578715ff8a8bd14826_1,04c-01
a1493cd82a704344af2babb9b9660664_4,http://opendata.dc.gov/datasets/a1493cd82a704344af2babb9b9660664_4,04c-01
03795a44b05f41a1ae9d46a59a9227d8_68,http://opendata.dc.gov/datasets/03795a44b05f41a1ae9d46a59a9227d8_68,04c-01
5b5e920c838d49808fb4b64d62750dae_16,http://opendata.dc.gov/datasets/5b5e920c838d49808fb4b64d62750dae_16,04c-01
530f3bc67701490d81b49e2d639fe303_41,http://opendata.dc.gov/datasets/530f3bc67701490d81b49e2d639fe303_41,04c-01
d40eb31ca5ce4978bd777a51e772ebe2_15,http://opendata.dc.gov/datasets/d40eb31ca5ce4978bd777a51e772ebe2_15,04c-01
0a19cd4d215e405a94d95cf5088ab4eb_3,http://opendata.dc.gov/datasets/0a19cd4d215e405a94d95cf5088ab4eb_3,04c-01
bd7b8d6c5aba4632ab3031e5c2a97fdd_2,http://opendata.dc.gov/datasets/bd7b8d6c5aba4632ab3031e5c2a97fdd_2,04c-01
a1f3fb5c358d4b99ae9c1033b55061ca_21,http://opendata.dc.gov/datasets/a1f3fb5c358d4b99ae9c1033b55061ca_21,04c-01
554e9b5b8f5d45b7a10a934f4ccfc08b_21,http://opendata.dc.gov/datasets/554e9b5b8f5d45b7a10a934f4ccfc08b_21,04c-01
7184185f6fc642fdb28fade69cd3efed_3,http://opendata.dc.gov/datasets/7184185f6fc642fdb28fade69cd3efed_3,04c-01
64f98506becc4414a88ed61eae15b4e2_22,http://opendata.dc.gov/datasets/64f98506becc4414a88ed61eae15b4e2_22,04c-01
11522ff03fd24570bd6d705023ed18bc_49,http://opendata.dc.gov/datasets/11522ff03fd24570bd6d705023ed18bc_49,04c-01
1a983bf572604bf1acc9c17d87aaa362_12,http://opendata.dc.gov/datasets/1a983bf572604bf1acc9c17d87aaa362_12,04c-01
e85b5321a5a84ff9af56fd614dab81b3_53,http://opendata.dc.gov/datasets/e85b5321a5a84ff9af56fd614dab81b3_53,04c-01
8d5156f3cf354393a17172a5c93bd7c7_1,http://opendata.dc.gov/datasets/8d5156f3cf354393a17172a5c93bd7c7_1,04c-01
f63375d046634e9e8bbf2b5a0b03002b_19,http://opendata.dc.gov/datasets/f63375d046634e9e8bbf2b5a0b03002b_19,04c-01
f6b04ef9e41d4550887bb5ecaa3e1eee_26,http://opendata.dc.gov/datasets/f6b04ef9e41d4550887bb5ecaa3e1eee_26,04c-01
9c47d232eee647939acc5cbdb5f28a68_23,http://opendata.dc.gov/datasets/9c47d232eee647939acc5cbdb5f28a68_23,04c-01
34ea35413dc5427f82d1cc3bfca18bd7_18,http://opendata.dc.gov/datasets/34ea35413dc5427f82d1cc3bfca18bd7_18,04c-01
114f6ca03cf7464d806bb009e7002023_10,http://opendata.dc.gov/datasets/114f6ca03cf7464d806bb009e7002023_10,04c-01
0d7262c9feee41d8802eaf43253f6557_24,http://opendata.dc.gov/datasets/0d7262c9feee41d8802eaf43253f6557_24,04c-01
6bf443413ad349339b20213cc1ea4b38_9,http://opendata.dc.gov/datasets/6bf443413ad349339b20213cc1ea4b38_9,04c-01
24f7a0db8fb844d4a288991cb493bbd9_28,http://opendata.dc.gov/datasets/24f7a0db8fb844d4a288991cb493bbd9_28,04c-01
8c3879b00d7c44a6937f6e2956ec9101_19,http://opendata.dc.gov/datasets/8c3879b00d7c44a6937f6e2956ec9101_19,04c-01
3b7f15eb25884aafb236dbbde795f72b_27,http://opendata.dc.gov/datasets/3b7f15eb25884aafb236dbbde795f72b_27,04c-01
2e53d2d269b042e79c84a51e214733fe_17,http://opendata.dc.gov/datasets/2e53d2d269b042e79c84a51e214733fe_17,04c-01
50e8d059e58048fe8a72ce5d8c5e97e5,http://opendata.dc.gov/datasets/50e8d059e58048fe8a72ce5d8c5e97e5,04c-01
f22c407ea33f4971b218f64a356532ae_67,http://opendata.dc.gov/datasets/f22c407ea33f4971b218f64a356532ae_67,04c-01
5543ccd321504cb484a7b618ea42999d_26,http://opendata.dc.gov/datasets/5543ccd321504cb484a7b618ea42999d_26,04c-01
38ba41dd74354563bce28a359b59324e_0,http://opendata.dc.gov/datasets/38ba41dd74354563bce28a359b59324e_0,04c-01
d7515caf452144209324b4f91913321e_1,http://opendata.dc.gov/datasets/d7515caf452144209324b4f91913321e_1,04c-01
a3db68903a65496998ca388cb82ba926_46,http://opendata.dc.gov/datasets/a3db68903a65496998ca388cb82ba926_46,04c-01
2867206451704e84b5480af8e3c314be_8,http://opendata.dc.gov/datasets/2867206451704e84b5480af8e3c314be_8,04c-01
bb23f4569d0d44bbb0ec3788cc7f57cb_60,http://opendata.dc.gov/datasets/bb23f4569d0d44bbb0ec3788cc7f57cb_60,04c-01
3fc30434699e4238a8586d4447ff3622_31,http://opendata.dc.gov/datasets/3fc30434699e4238a8586d4447ff3622_31,04c-01
63e61e1aa00244388d88212c3e45eca7_32,http://opendata.dc.gov/datasets/63e61e1aa00244388d88212c3e45eca7_32,04c-01
9c08e5e0c7194b3da30f73251f97d79b_43,http://opendata.dc.gov/datasets/9c08e5e0c7194b3da30f73251f97d79b_43,04c-01
9845b91ff8e0474484a2bc6c26280efc_16,http://opendata.dc.gov/datasets/9845b91ff8e0474484a2bc6c26280efc_16,04c-01
3f28bc3ad77f49079efee0ac05d8464c_0,http://opendata.dc.gov/datasets/3f28bc3ad77f49079efee0ac05d8464c_0,04c-01
79cbb40ab593414e860beab78adb9952_25,http://opendata.dc.gov/datasets/79cbb40ab593414e860beab78adb9952_25,04c-01
b3007510b922494da04900f20e093f5c_108,http://opendata.dc.gov/datasets/b3007510b922494da04900f20e093f5c_108,04c-01
c315d63a21b14552b2f6df64e6e57c6a_5,http://opendata.dc.gov/datasets/c315d63a21b14552b2f6df64e6e57c6a_5,04c-01
5c102edbf98742219f64741b444957d2_42,http://opendata.dc.gov/datasets/5c102edbf98742219f64741b444957d2_42,04c-01
0b6302417ddf4c448286f0e01feb9872_102,http://opendata.dc.gov/datasets/0b6302417ddf4c448286f0e01feb9872_102,04c-01
aa91227baed140c98cfcf91a8c96263a_47,http://opendata.dc.gov/datasets/aa91227baed140c98cfcf91a8c96263a_47,04c-01
0e6f94a4d3e94f43927473ba04c020e7_15,http://opendata.dc.gov/datasets/0e6f94a4d3e94f43927473ba04c020e7_15,04c-01
fe1117d71926432c8e1188939407ce96_54,http://opendata.dc.gov/datasets/fe1117d71926432c8e1188939407ce96_54,04c-01
d4aa06a4a82f4a899ebe16af1347f37e_40,http://opendata.dc.gov/datasets/d4aa06a4a82f4a899ebe16af1347f37e_40,04c-01
a8813c4d05fe4edfa931517eeeebcd31_19,http://opendata.dc.gov/datasets/a8813c4d05fe4edfa931517eeeebcd31_19,04c-01
14dded5a8d6940038e3cae70cb773caf_8,http://opendata.dc.gov/datasets/14dded5a8d6940038e3cae70cb773caf_8,04c-01
77f88dda8b2e492eb0e03994649cd8e9_49,http://opendata.dc.gov/datasets/77f88dda8b2e492eb0e03994649cd8e9_49,04c-01
b866ab4f6a0e4f01adbdb8bf48828487_2,http://opendata.dc.gov/datasets/b866ab4f6a0e4f01adbdb8bf48828487_2,04c-01
657a83210a42430ba368f19aa87a3e78_74,http://opendata.dc.gov/datasets/657a83210a42430ba368f19aa87a3e78_74,04c-01
48009ae8fbe54157b86586d3e4f10929_33,http://opendata.dc.gov/datasets/48009ae8fbe54157b86586d3e4f10929_33,04c-01
e376de8e9a4d4a1c8cfc54918630d5e0_104,http://opendata.dc.gov/datasets/e376de8e9a4d4a1c8cfc54918630d5e0_104,04c-01
e52cf8cfd7004cee845ae5d915f47d72_48,http://opendata.dc.gov/datasets/e52cf8cfd7004cee845ae5d915f47d72_48,04c-01
192628cca63944d6a881552f9d40ab49_7,http://opendata.dc.gov/datasets/192628cca63944d6a881552f9d40ab49_7,04c-01
38ca2191c6924e2abd96447ede4ccbd3_1,http://opendata.dc.gov/datasets/38ca2191c6924e2abd96447ede4ccbd3_1,04c-01
ab5cc72b8eb3494abea8c848855e22c7_3,http://opendata.dc.gov/datasets/ab5cc72b8eb3494abea8c848855e22c7_3,04c-01
aff6d1d7944a40b58e3f483c453fdcde_87,http://opendata.dc.gov/datasets/aff6d1d7944a40b58e3f483c453fdcde_87,04c-01
576fcff7221c4db29b342cfe6bcaeffa_25,http://opendata.dc.gov/datasets/576fcff7221c4db29b342cfe6bcaeffa_25,04c-01
e1a974137d4b4100a5d8410e45273648_17,http://opendata.dc.gov/datasets/e1a974137d4b4100a5d8410e45273648_17,04c-01
a3aefd57db394fd68d739556253dc44d_18,http://opendata.dc.gov/datasets/a3aefd57db394fd68d739556253dc44d_18,04c-01
2c53370abe214bd8acf28985db7488ad_26,http://opendata.dc.gov/datasets/2c53370abe214bd8acf28985db7488ad_26,04c-01
fac6b02e45c04c3b877a1d1b60125882_12,http://opendata.dc.gov/datasets/fac6b02e45c04c3b877a1d1b60125882_12,04c-01
10d723caceef4e37ae2b5de54e48f99e_14,http://opendata.dc.gov/datasets/10d723caceef4e37ae2b5de54e48f99e_14,04c-01
ec634c5d3ce64a07bad5f74558acafcc_9,http://opendata.dc.gov/datasets/ec634c5d3ce64a07bad5f74558acafcc_9,04c-01
e013b23cc484405dbc260f0302275f62_0,http://opendata.dc.gov/datasets/e013b23cc484405dbc260f0302275f62_0,04c-01
b1db18de82434dcda9f96ea49d079e6a_16,http://opendata.dc.gov/datasets/b1db18de82434dcda9f96ea49d079e6a_16,04c-01
cca62cf30ac7406590dbaeb5cfe97c7c_36,http://opendata.dc.gov/datasets/cca62cf30ac7406590dbaeb5cfe97c7c_36,04c-01
3d692f575b624acab4605699aa65973c_7,http://opendata.dc.gov/datasets/3d692f575b624acab4605699aa65973c_7,04c-01
e8991dbdc15b40a8b1218670c865567f_4,http://opendata.dc.gov/datasets/e8991dbdc15b40a8b1218670c865567f_4,04c-01
78a3020cd608421db33115013de83c68_2,http://opendata.dc.gov/datasets/78a3020cd608421db33115013de83c68_2,04c-01
317d0acf15c943f78dc4d8ec428edbcc_15,http://opendata.dc.gov/datasets/317d0acf15c943f78dc4d8ec428edbcc_15,04c-01
89cef30f210f4893bdb16cf63c2e9b7a_37,http://opendata.dc.gov/datasets/89cef30f210f4893bdb16cf63c2e9b7a_37,04c-01
37a6ecfe6ed3412abbae967ec957582c_33,http://opendata.dc.gov/datasets/37a6ecfe6ed3412abbae967ec957582c_33,04c-01
5b0d63150e2c4c47b5b21db73a4fd928_3,http://opendata.dc.gov/datasets/5b0d63150e2c4c47b5b21db73a4fd928_3,04c-01
5b1de94278154421ab4ccfc94676c269_10,http://opendata.dc.gov/datasets/5b1de94278154421ab4ccfc94676c269_10,04c-01
40b1942a463844ef94f3e1dc673acc57_18,http://opendata.dc.gov/datasets/40b1942a463844ef94f3e1dc673acc57_18,04c-01
0570813a443f472fbce5a29bc93cbe8f_38,http://opendata.dc.gov/datasets/0570813a443f472fbce5a29bc93cbe8f_38,04c-01
0c1e1d6202c048eeb8645440adfce1c4_121,http://opendata.dc.gov/datasets/0c1e1d6202c048eeb8645440adfce1c4_121,04c-01
66982badbd654dedadf1b346d1a95dca_42,http://opendata.dc.gov/datasets/66982badbd654dedadf1b346d1a95dca_42,04c-01
bb847c6714ff4f10a87f0ba9db47f497_44,http://opendata.dc.gov/datasets/bb847c6714ff4f10a87f0ba9db47f497_44,04c-01
3be5daf7ce6946c78fbb2e0239b7a225_22,http://opendata.dc.gov/datasets/3be5daf7ce6946c78fbb2e0239b7a225_22,04c-01
97f7e986ae24450e8c62b1903330d88f_45,http://opendata.dc.gov/datasets/97f7e986ae24450e8c62b1903330d88f_45,04c-01
fec196030c0b4cd9901c71e579ec7831_41,http://opendata.dc.gov/datasets/fec196030c0b4cd9901c71e579ec7831_41,04c-01
f5be08a33dab41f3ac35e4eb04566d92_4,http://opendata.dc.gov/datasets/f5be08a33dab41f3ac35e4eb04566d92_4,04c-01
5cb359f25eea4ee3a64a19e5addbe831_26,http://opendata.dc.gov/datasets/5cb359f25eea4ee3a64a19e5addbe831_26,04c-01
13ced1ecaa9c4354bf774e27fe3c00ab_66,http://opendata.dc.gov/datasets/13ced1ecaa9c4354bf774e27fe3c00ab_66,04c-01
fd51a2f8e1214d58a7ec8f883acdaf2d_51,http://opendata.dc.gov/datasets/fd51a2f8e1214d58a7ec8f883acdaf2d_51,04c-01
74d47d1a97e24489a8249210da9f3288_110,http://opendata.dc.gov/datasets/74d47d1a97e24489a8249210da9f3288_110,04c-01
03fcb333c5a3441ab9823116b4359c4a_4,http://opendata.dc.gov/datasets/03fcb333c5a3441ab9823116b4359c4a_4,04c-01
684d0b80a2024dbc88b1e3c4b3fc6171_28,http://opendata.dc.gov/datasets/684d0b80a2024dbc88b1e3c4b3fc6171_28,04c-01
693e023ace4f46818edbf0aa7d6a60d3_56,http://opendata.dc.gov/datasets/693e023ace4f46818edbf0aa7d6a60d3_56,04c-01
6da0781990494f678e9f5722e1c09a67_23,http://opendata.dc.gov/datasets/6da0781990494f678e9f5722e1c09a67_23,04c-01
553e228272594584a16300b8a927478a_20,http://opendata.dc.gov/datasets/553e228272594584a16300b8a927478a_20,04c-01
5720f3c0d48f4266b56835cafb79fecf_81,http://opendata.dc.gov/datasets/5720f3c0d48f4266b56835cafb79fecf_81,04c-01
ecad12968e934c8cbd2e8ca4436a285b_8,http://opendata.dc.gov/datasets/ecad12968e934c8cbd2e8ca4436a285b_8,04c-01
240156f8a5af4c949f204db73bc661d4_82,http://opendata.dc.gov/datasets/240156f8a5af4c949f204db73bc661d4_82,04c-01
9ee92fd0fd6947d5b8b7b0651b997ae7_30,http://opendata.dc.gov/datasets/9ee92fd0fd6947d5b8b7b0651b997ae7_30,04c-01
b3f1cca9a3a64eddac710733186becd8_11,http://opendata.dc.gov/datasets/b3f1cca9a3a64eddac710733186becd8_11,04c-01
14faf3d4bfbe4ca4a713bf203a985151_0,http://opendata.dc.gov/datasets/14faf3d4bfbe4ca4a713bf203a985151_0,04c-01
505a80f95a5f46e38c0895404a9de6ab_8,http://opendata.dc.gov/datasets/505a80f95a5f46e38c0895404a9de6ab_8,04c-01
ae96db0a66914f05ab09c83f9e9df15f_9,http://opendata.dc.gov/datasets/ae96db0a66914f05ab09c83f9e9df15f_9,04c-01
c070badb329040cd8db25b0de3ab1efb_4,http://opendata.dc.gov/datasets/c070badb329040cd8db25b0de3ab1efb_4,04c-01
2d005f2b04734c2a83882e3a3026e829_39,http://opendata.dc.gov/datasets/2d005f2b04734c2a83882e3a3026e829_39,04c-01
b99c2c2d314546468d10799f166097b6_50,http://opendata.dc.gov/datasets/b99c2c2d314546468d10799f166097b6_50,04c-01
b1bc741677c04a59a862250d1290a8ad_57,http://opendata.dc.gov/datasets/b1bc741677c04a59a862250d1290a8ad_57,04c-01
ffe8893619ec4402ba6dabe05b9ff9ef_63,http://opendata.dc.gov/datasets/ffe8893619ec4402ba6dabe05b9ff9ef_63,04c-01
9b5ae5ee38234538b08c66bb20dea1e3_34,http://opendata.dc.gov/datasets/9b5ae5ee38234538b08c66bb20dea1e3_34,04c-01
6f20e66452f847cc91ad2ffadc6e52f2_5,http://opendata.dc.gov/datasets/6f20e66452f847cc91ad2ffadc6e52f2_5,04c-01
fba63dce73c8428b9395ef939387c337_13,http://opendata.dc.gov/datasets/fba63dce73c8428b9395ef939387c337_13,04c-01
b8e5fb96e36943f88bdcec7f6001e13c_31,http://opendata.dc.gov/datasets/b8e5fb96e36943f88bdcec7f6001e13c_31,04c-01
cb26440f46674d5f9c9c3457becc1762_23,http://opendata.dc.gov/datasets/cb26440f46674d5f9c9c3457becc1762_23,04c-01
9ed4ec5e95d8417fa4947d25068a02e6_38,http://opendata.dc.gov/datasets/9ed4ec5e95d8417fa4947d25068a02e6_38,04c-01
333a674a1a1748ffad283fca523b5a49_32,http://opendata.dc.gov/datasets/333a674a1a1748ffad283fca523b5a49_32,04c-01
30183db6a1d64767988fd581ed383a3c_2,http://opendata.dc.gov/datasets/30183db6a1d64767988fd581ed383a3c_2,04c-01
f374e8fb05264d5b8c3df447f2cb1d71_105,http://opendata.dc.gov/datasets/f374e8fb05264d5b8c3df447f2cb1d71_105,04c-01
dd0f6e6db901444c9fb6152b896295cf_6,http://opendata.dc.gov/datasets/dd0f6e6db901444c9fb6152b896295cf_6,04c-01
6221825fc06b4d6a9cbb9022872a17b0_1,http://opendata.dc.gov/datasets/6221825fc06b4d6a9cbb9022872a17b0_1,04c-01
5f39cc2ec56d4a8fb894292e658f7f4b_15,http://opendata.dc.gov/datasets/5f39cc2ec56d4a8fb894292e658f7f4b_15,04c-01
0a57a6010e034f65abccb3291cd54910_27,http://opendata.dc.gov/datasets/0a57a6010e034f65abccb3291cd54910_27,04c-01
eebc34f6d4d6422ea5d2d0a694553c2b_77,http://opendata.dc.gov/datasets/eebc34f6d4d6422ea5d2d0a694553c2b_77,04c-01
32696e3a0ea44d3e890eb2127b75b4bc_29,http://opendata.dc.gov/datasets/32696e3a0ea44d3e890eb2127b75b4bc_29,04c-01
54018b7f06b943f2af278bbe415df1de_52,http://opendata.dc.gov/datasets/54018b7f06b943f2af278bbe415df1de_52,04c-01
89bfd2aed9a142249225a638448a5276_29,http://opendata.dc.gov/datasets/89bfd2aed9a142249225a638448a5276_29,04c-01
0ab0f66cd0c14b3380ff232ebb2c3b29_25,http://opendata.dc.gov/datasets/0ab0f66cd0c14b3380ff232ebb2c3b29_25,04c-01
4c92d573a66a4079a41cba615263f1f6_101,http://opendata.dc.gov/datasets/4c92d573a66a4079a41cba615263f1f6_101,04c-01
504cc474c13a45908fc0b4f45afa595c_13,http://opendata.dc.gov/datasets/504cc474c13a45908fc0b4f45afa595c_13,04c-01
245179183eee41e08852ff9d5dbd3bcb_4,http://opendata.dc.gov/datasets/245179183eee41e08852ff9d5dbd3bcb_4,04c-01
c52ba95b5f05485282ff9b5f550fb380_27,http://opendata.dc.gov/datasets/c52ba95b5f05485282ff9b5f550fb380_27,04c-01
34cd5d21b0da4365b76e981a294cd5d0_21,http://opendata.dc.gov/datasets/34cd5d21b0da4365b76e981a294cd5d0_21,04c-01
3c04e94c2a574061a5bbf25a5e7feb27_78,http://opendata.dc.gov/datasets/3c04e94c2a574061a5bbf25a5e7feb27_78,04c-01
378d0c5205234154afe195de735e2e02_3,http://opendata.dc.gov/datasets/378d0c5205234154afe195de735e2e02_3,04c-01
23cd62a945ca4205b85b6e891ecd7804_0,http://dvrpc-dvrpcgis.opendata.arcgis.com/datasets/23cd62a945ca4205b85b6e891ecd7804_0,04f-01
0fa898407fa24ed08160c8608b38f5dc_27,http://data-popecounty.opendata.arcgis.com/datasets/0fa898407fa24ed08160c8608b38f5dc_27,05b-27121
c10f815ed3ef489098e0f0e5819545b6_0,http://data-wcmn.opendata.arcgis.com/datasets/c10f815ed3ef489098e0f0e5819545b6_0,05b-27163
9d845322959a4b6193645957a995dac0_0,http://opendata.minneapolismn.gov/datasets/9d845322959a4b6193645957a995dac0_0,05c-01
4e90b6847e224383b79f8750b61d5023,http://gis-michigan.opendata.arcgis.com/datasets/4e90b6847e224383b79f8750b61d5023,06a-01
fa649af4d96a4766859f8a822d6d36d3_3,http://gis-michigan.opendata.arcgis.com/datasets/fa649af4d96a4766859f8a822d6d36d3_3,06a-01
9d6dfc0d0693455584711ffbfc7add4e_0,http://maps-semcog.opendata.arcgis.com/datasets/9d6dfc0d0693455584711ffbfc7add4e_0,06f-01
9647ded67f4e4fc5b602f0d62573bd41_0,http://share-open-data-crawfordcountypa.opendata.arcgis.com/datasets/9647ded67f4e4fc5b602f0d62573bd41_0,08b-42039
40ba4cb1f988472f81ec58dc99227c15,http://ogrip-geohio.opendata.arcgis.com/datasets/40ba4cb1f988472f81ec58dc99227c15,11a-01
8368dccc457447ac908b60f4893910a3,http://ogrip-geohio.opendata.arcgis.com/datasets/8368dccc457447ac908b60f4893910a3,11a-01
e4f4d11378084f20a23e0ac1be78e044_0,http://ogrip-geohio.opendata.arcgis.com/datasets/e4f4d11378084f20a23e0ac1be78e044_0,11a-01
90579e0687b44665898139a8f81d7b2e,http://ogrip-geohio.opendata.arcgis.com/datasets/90579e0687b44665898139a8f81d7b2e,11a-01
e1c01b15ed764006916cf791f8124a27_0,http://ogrip-geohio.opendata.arcgis.com/datasets/e1c01b15ed764006916cf791f8124a27_0,11a-01
abb0ee68569f4f8985b29f0a35a29b64_1,http://ogrip-geohio.opendata.arcgis.com/datasets/abb0ee68569f4f8985b29f0a35a29b64_1,11a-01
abb0ee68569f4f8985b29f0a35a29b64_0,http://ogrip-geohio.opendata.arcgis.com/datasets/abb0ee68569f4f8985b29f0a35a29b64_0,11a-01
c2b98b2714274d0f8840af276f86713b,http://ogrip-geohio.opendata.arcgis.com/datasets/c2b98b2714274d0f8840af276f86713b,11a-01
a6c7f0720b7b4e36be1eb67e8c756357_0,http://ogrip-geohio.opendata.arcgis.com/datasets/a6c7f0720b7b4e36be1eb67e8c756357_0,11a-01
c93456c7e3a447bfa2a5dc5998b9d211_0,http://ogrip-geohio.opendata.arcgis.com/datasets/c93456c7e3a447bfa2a5dc5998b9d211_0,11a-01
e7a8928dc2c84b72a0cfb39680d3d76d_0,http://ogrip-geohio.opendata.arcgis.com/datasets/e7a8928dc2c84b72a0cfb39680d3d76d_0,11a-01
c76b9511ed594511aa1da4a793d694e1_0,http://ogrip-geohio.opendata.arcgis.com/datasets/c76b9511ed594511aa1da4a793d694e1_0,11a-01
ef402fc027b344eb859eeaf7941a6c5c_0,http://ogrip-geohio.opendata.arcgis.com/datasets/ef402fc027b344eb859eeaf7941a6c5c_0,11a-01
3e1a50189afd4dbbb0a30980d2b58f02,http://ogrip-geohio.opendata.arcgis.com/datasets/3e1a50189afd4dbbb0a30980d2b58f02,11a-01
bcf1b703e3a2454292f20b0910d67fab,http://ogrip-geohio.opendata.arcgis.com/datasets/bcf1b703e3a2454292f20b0910d67fab,11a-01
3cb199d463134700a190455aadf0d46b_0,http://ogrip-geohio.opendata.arcgis.com/datasets/3cb199d463134700a190455aadf0d46b_0,11a-01
cd0e3a78a2bc464ba4a8ce46a40af18f_0,http://ogrip-geohio.opendata.arcgis.com/datasets/cd0e3a78a2bc464ba4a8ce46a40af18f_0,11a-01
66677e01391944269492685f3188645d,http://ogrip-geohio.opendata.arcgis.com/datasets/66677e01391944269492685f3188645d,11a-01
718b9245f1a6427bbc95044cd0f2606c,http://ogrip-geohio.opendata.arcgis.com/datasets/718b9245f1a6427bbc95044cd0f2606c,11a-01
468395ff0e8741019a2628e99895bd1c_2,http://ogrip-geohio.opendata.arcgis.com/datasets/468395ff0e8741019a2628e99895bd1c_2,11a-01
468395ff0e8741019a2628e99895bd1c_0,http://ogrip-geohio.opendata.arcgis.com/datasets/468395ff0e8741019a2628e99895bd1c_0,11a-01
468395ff0e8741019a2628e99895bd1c_1,http://ogrip-geohio.opendata.arcgis.com/datasets/468395ff0e8741019a2628e99895bd1c_1,11a-01
066b04f3acd34c778cb0a095fe535b5e,http://ogrip-geohio.opendata.arcgis.com/datasets/066b04f3acd34c778cb0a095fe535b5e,11a-01
0cfce42890a74a8f8b0a77c0bd70f049_0,http://ogrip-geohio.opendata.arcgis.com/datasets/0cfce42890a74a8f8b0a77c0bd70f049_0,11a-01
6900cb494e9148e7b6565220cf21f347_0,http://ogrip-geohio.opendata.arcgis.com/datasets/6900cb494e9148e7b6565220cf21f347_0,11a-01
80f51eb8d5df44a382b554ec6a29049e_0,http://ogrip-geohio.opendata.arcgis.com/datasets/80f51eb8d5df44a382b554ec6a29049e_0,11a-01
65b593efe08b4a43aa9c535a4bbc69d5_0,http://ogrip-geohio.opendata.arcgis.com/datasets/65b593efe08b4a43aa9c535a4bbc69d5_0,11a-01
cc1a21677a964140961a28f23502f7f3_0,http://ogrip-geohio.opendata.arcgis.com/datasets/cc1a21677a964140961a28f23502f7f3_0,11a-01
61ab1a57060a4c1ebc924aca3020afa0_0,http://ogrip-geohio.opendata.arcgis.com/datasets/61ab1a57060a4c1ebc924aca3020afa0_0,11a-01
ef795a5ba5384fcea0f1444cb9cca6af,http://ogrip-geohio.opendata.arcgis.com/datasets/ef795a5ba5384fcea0f1444cb9cca6af,11a-01
1a9e4307964d42fbb17de54431422530_0,http://ogrip-geohio.opendata.arcgis.com/datasets/1a9e4307964d42fbb17de54431422530_0,11a-01
04061b5f10f0466e977d4adbef230be4,http://ogrip-geohio.opendata.arcgis.com/datasets/04061b5f10f0466e977d4adbef230be4,11a-01
6cf5264dd0694b13a31032040907a338_0,http://ogrip-geohio.opendata.arcgis.com/datasets/6cf5264dd0694b13a31032040907a338_0,11a-01
78e6e9c8712b4c88aa616018882a5e3d_0,http://ogrip-geohio.opendata.arcgis.com/datasets/78e6e9c8712b4c88aa616018882a5e3d_0,11a-01
abb0ee68569f4f8985b29f0a35a29b64_1,http://data-cuyahoga.opendata.arcgis.com/datasets/abb0ee68569f4f8985b29f0a35a29b64_1,11b-39035
abb0ee68569f4f8985b29f0a35a29b64_0,http://data-cuyahoga.opendata.arcgis.com/datasets/abb0ee68569f4f8985b29f0a35a29b64_0,11b-39035
ef402fc027b344eb859eeaf7941a6c5c_0,http://data-cuyahoga.opendata.arcgis.com/datasets/ef402fc027b344eb859eeaf7941a6c5c_0,11b-39035
468395ff0e8741019a2628e99895bd1c_0,http://data-cuyahoga.opendata.arcgis.com/datasets/468395ff0e8741019a2628e99895bd1c_0,11b-39035
468395ff0e8741019a2628e99895bd1c_1,http://data-cuyahoga.opendata.arcgis.com/datasets/468395ff0e8741019a2628e99895bd1c_1,11b-39035
468395ff0e8741019a2628e99895bd1c_2,http://data-cuyahoga.opendata.arcgis.com/datasets/468395ff0e8741019a2628e99895bd1c_2,11b-39035
cc1a21677a964140961a28f23502f7f3_0,http://data-cuyahoga.opendata.arcgis.com/datasets/cc1a21677a964140961a28f23502f7f3_0,11b-39035
0cfce42890a74a8f8b0a77c0bd70f049_0,http://data-cuyahoga.opendata.arcgis.com/datasets/0cfce42890a74a8f8b0a77c0bd70f049_0,11b-39035
8901e7bcdfb5465e971916c313262599,http://data-lakecountyil.opendata.arcgis.com/datasets/8901e7bcdfb5465e971916c313262599,12b-17097
214e5f67892549f19bd8edf135059c03,http://data-lakecountyil.opendata.arcgis.com/datasets/214e5f67892549f19bd8edf135059c03,12b-17097
490751d6deab4fa4a57c0d92149fdea2,http://data-lakecountyil.opendata.arcgis.com/datasets/490751d6deab4fa4a57c0d92149fdea2,12b-17097
835ae3a8b0cd4411b1859581168bf10d,http://data-lakecountyil.opendata.arcgis.com/datasets/835ae3a8b0cd4411b1859581168bf10d,12b-17097
d4f55edf0d5b4b71824aabbd0e17919e,http://data-lakecountyil.opendata.arcgis.com/datasets/d4f55edf0d5b4b71824aabbd0e17919e,12b-17097
1719c86c7c4046b88c0d48360780d849,http://data-lakecountyil.opendata.arcgis.com/datasets/1719c86c7c4046b88c0d48360780d849,12b-17097
aafc3d381ee8407ab63ca47131ed9a54_0,http://data-peoriacountygis.opendata.arcgis.com/datasets/aafc3d381ee8407ab63ca47131ed9a54_0,12b-17143
a98657c18850416c91dd4d0ddff5bcec_1,http://data-bc-gis.opendata.arcgis.com/datasets/a98657c18850416c91dd4d0ddff5bcec_1,04b-24005
c1d168ed30174db6b07363421aa4b6c4_0,http://data-bc-gis.opendata.arcgis.com/datasets/c1d168ed30174db6b07363421aa4b6c4_0,04b-24005
6cf5264dd0694b13a31032040907a338_0,http://opendata.starkcountyohio.gov/datasets/6cf5264dd0694b13a31032040907a338_0,11b-39151
c76b9511ed594511aa1da4a793d694e1_0,http://opendata.starkcountyohio.gov/datasets/c76b9511ed594511aa1da4a793d694e1_0,11b-39151
80f51eb8d5df44a382b554ec6a29049e_0,http://opendata.starkcountyohio.gov/datasets/80f51eb8d5df44a382b554ec6a29049e_0,11b-39151
e1c01b15ed764006916cf791f8124a27_0,http://opendata.starkcountyohio.gov/datasets/e1c01b15ed764006916cf791f8124a27_0,11b-39151
e7a8928dc2c84b72a0cfb39680d3d76d_0,http://opendata.starkcountyohio.gov/datasets/e7a8928dc2c84b72a0cfb39680d3d76d_0,11b-39151
61ab1a57060a4c1ebc924aca3020afa0_0,http://opendata.starkcountyohio.gov/datasets/61ab1a57060a4c1ebc924aca3020afa0_0,11b-39151
c93456c7e3a447bfa2a5dc5998b9d211_0,http://opendata.starkcountyohio.gov/datasets/c93456c7e3a447bfa2a5dc5998b9d211_0,11b-39151
e4f4d11378084f20a23e0ac1be78e044_0,http://opendata.starkcountyohio.gov/datasets/e4f4d11378084f20a23e0ac1be78e044_0,11b-39151
65b593efe08b4a43aa9c535a4bbc69d5_0,http://opendata.starkcountyohio.gov/datasets/65b593efe08b4a43aa9c535a4bbc69d5_0,11b-39151
78e6e9c8712b4c88aa616018882a5e3d_0,http://opendata.starkcountyohio.gov/datasets/78e6e9c8712b4c88aa616018882a5e3d_0,11b-39151
1a10521adf1d4230b594ab84783d565e_0,http://data-montcopa.opendata.arcgis.com/datasets/1a10521adf1d4230b594ab84783d565e_0,08b-42091
b3d5b14c0a954623b9626c5ed3ca82f1_0,http://data-montcopa.opendata.arcgis.com/datasets/b3d5b14c0a954623b9626c5ed3ca82f1_0,08b-42091
