Title,Place
United States of America - Population Counts,United States of America
(Colorado) Health Facilities (OpenStreetMap Export),Colorado
(Colorado) Populated Places (OpenStreetMap Export),Colorado
(Colorado) Financial Services (OpenStreetMap Export),Colorado
(Colorado) Roads (OpenStreetMap Export),Colorado
(Colorado) Points of Interest (OpenStreetMap Export),Colorado
(Montana) Airports (OpenStreetMap Export),Montana
(South Carolina) Sea Ports (OpenStreetMap Export),South Carolina
(South Carolina) Points of Interest (OpenStreetMap Export),South Carolina
(West Virginia) Points of Interest (OpenStreetMap Export),West Virginia
(West Virginia) Airports (OpenStreetMap Export),West Virginia
(West Virginia) Health Facilities (OpenStreetMap Export),West Virginia
(West Virginia) Roads (OpenStreetMap Export),West Virginia
(West Virginia) Railways (OpenStreetMap Export),West Virginia
(West Virginia) Buildings (OpenStreetMap Export),West Virginia
(District of Columbia) Airports (OpenStreetMap Export),District of Columbia
(District of Columbia) Points of Interest (OpenStreetMap Export),District of Columbia
(Tennessee) Health Facilities (OpenStreetMap Export),Tennessee
(Kentucky) Sea Ports (OpenStreetMap Export),Kentucky
(Arkansas) Sea Ports (OpenStreetMap Export),Arkansas
(Arkansas) Waterways (OpenStreetMap Export),Arkansas
(Arkansas) Points of Interest (OpenStreetMap Export),Arkansas
(Arkansas) Roads (OpenStreetMap Export),Arkansas
(Arkansas) Populated Places (OpenStreetMap Export),Arkansas
(Missouri) Airports (OpenStreetMap Export),Missouri
(Missouri) Health Facilities (OpenStreetMap Export),Missouri
United States of America - Population Density,United States of America
(Oklahoma) Airports (OpenStreetMap Export),Oklahoma
(Oklahoma) Sea Ports (OpenStreetMap Export),Oklahoma
(Kentucky) Airports (OpenStreetMap Export),Kentucky
(Kentucky) Points of Interest (OpenStreetMap Export),Kentucky
(Kentucky) Health Facilities (OpenStreetMap Export),Kentucky
